ALL DATA EXTRACTED,,,,,,,,,,,,,,,,,
,,,,,,,,,,,,,,,,,
Independent Variable:-,,,Dependent Variable: Gold Price,,,,,,,,,,,,,,
1.Interest Rate,,,,,,,,,,,,,,,,,
2. Inflation Rate,,,,,,,,,,,,,,,,,
3. Oil Price,,,,,,,,,,,,,,,,,
4. DXY,,,,,,,,,,,,,,,,,
5. GPRH,,,,,,,,,,,,,,,,,
,,,,,,,,,,,,,,,,,
,Y,X2,X3,X6,X1,X5,X4,,,,,,,,,,
DATE,Silver Price,Inflation Changes,Oil Price,SPX500,Interest Rate,GPRHT,DXY,,,Interest Rate,Inflation Changes,Oil Price,Oil Price,GPRHT,SPX500,,
1/1/1975,4.15,0.39,11.160,76.98,7.50,83.86,95.61,,Interest Rate,100%,,,,,,,
1/2/1975,4.42,0.77,11.160,81.59,7.39,112.83,93,,Inflation Changes,33%,100%,,,,,,
1/3/1975,4.28,0.38,11.160,83.36,7.73,81.50,94.82,,Oil Price,-58%,-8%,100%,100%,,,,
1/4/1975,4.43,0.38,11.160,87.3,8.23,89.52,95.39,,DXY,48%,0%,-38%,-38%,,,,
1/5/1975,4.53,0.57,11.160,91.15,8.06,91.75,94.63,,GPRHT,28%,21%,-2%,-2%,100%,,,
1/6/1975,4.57,0.75,11.160,95.19,7.86,104.65,95.86,,SPX500,-68%,-14%,60%,60%,-1%,100%,,
1/7/1975,5,1.12,11.160,88.75,8.06,130.42,101.25,,,,,,,,,,
1/8/1975,4.63,0.18,11.160,86.88,8.40,119.29,101.79,,SUMMARY OUTPUT,,,,,,,,
1/9/1975,4.44,0.55,11.160,83.87,8.43,91.55,104.24,,,,,,,,,,
1/10/1975,4.19,0.55,11.160,89.04,8.14,95.56,101.61,,Regression Statistics,,,,,,,,
1/11/1975,4.23,0.73,11.160,91.24,8.05,98.56,103.53,,Multiple R,83%,,,,,,,
1/12/1975,4.18,0.36,11.160,90.19,8.00,83.33,103.51,,R Square,70%,,,,,,,
1/1/1976,4.01,0.18,11.160,100.86,7.74,99.61,103.88,,Adjusted R Square,69%,,,,,,,
1/2/1976,4.16,0.36,12.030,99.71,7.79,61.64,103.66,,Standard Error,4.67,,,,,,,
1/3/1976,4.11,0.18,12.100,102.77,7.73,94.42,105.34,,Observations,600.00,,,,,,,
1/4/1976,4.43,0.36,12.170,101.64,7.56,76.18,106.23,,,,,,,,,,
1/5/1976,4.62,0.71,12.170,100.18,7.90,90.45,107.29,,ANOVA,,,,,,,,
1/6/1976,4.83,0.53,12.170,104.28,7.86,79.72,106.64,,,df,SS,MS,F,Significance F,,,
1/7/1976,4.54,0.53,12.170,103.44,7.83,62.28,106.56,,Regression,6.00,29744.93,4957.49,227.12,0.00%,,,
1/8/1976,4.11,0.53,12.170,102.91,7.77,108.76,106.13,,Residual,593.00,12943.94,21.83,,,,,
1/9/1976,4.39,0.35,13.900,105.24,7.59,76.60,105.5,,Total,599.00,42688.88,,,,,,
1/10/1976,4.27,0.52,13.900,102.9,7.41,85.47,105.94,,,,,,,,,,
1/11/1976,4.28,0.17,13.900,102.1,7.29,66.94,106.19,,,Coefficients,Standard Error,t Stat,P-value,Lower 95%,Upper 95%,Lower 95.0%,Upper 95.0%
1/12/1976,4.36,0.34,13.900,107.46,6.87,80.23,104.56,,Intercept,3.66,1.62,2.26,2.42%,0.48,6.85,0.48,6.85
1/1/1977,4.45,0.52,13.900,102.03,7.21,78.59,105.54,,Interest Rate,0.21,0.11,1.91,5.70%,-0.01,0.43,-0.01,0.43
1/2/1977,4.73,1.03,13.900,99.82,7.39,84.99,105.26,,Inflation Changes,1.64,0.58,2.84,0.47%,0.50,2.77,0.50,2.77
1/3/1977,4.83,0.68,13.900,98.42,7.46,83.11,105.03,,Oil Price,0.19,0.01,20.39,0.00%,0.17,0.21,0.17,0.21
1/4/1977,4.71,0.84,13.900,98.44,7.37,94.55,104.39,,DXY,-0.05,0.02,-2.65,0.82%,-0.08,-0.01,-0.08,-0.01
1/5/1977,4.56,0.5,13.900,96.12,7.46,94.38,104.52,,GPRHT,0.00,0.01,0.15,88.18%,-0.01,0.01,-0.01,0.01
1/6/1977,4.51,0.66,13.900,100.48,7.28,84.29,103.84,,SPX500,0.00,0.00,8.22,0.00%,0.00,0.00,0.00,0.00
1/7/1977,4.52,0.49,13.900,98.85,7.33,98.00,102.86,,,,,,,,,,
1/8/1977,4.45,0.33,14.850,96.77,7.40,86.04,103.64,,,,,,,,,,
1/9/1977,4.65,0.33,14.850,96.53,7.34,82.02,103.21,,SUMMARY OUTPUT,,,,,,,,
1/10/1977,4.85,0.33,14.850,92.34,7.52,102.51,100.96,,,,,,,,,,
1/11/1977,4.74,0.49,14.850,94.83,7.58,89.68,100.37,,Regression Statistics,,,,,,,,
1/12/1977,4.76,0.32,14.850,95.1,7.69,68.24,96.44,,Multiple R,83.34%,,,,,,,
1/1/1978,4.95,0.64,14.850,89.25,7.96,88.53,96.64,,R Square,69.46%,,,,,,,
1/2/1978,4.97,0.64,14.850,87.04,8.03,103.81,94.6,,Adjusted R Square,69.26%,,,,,,,
1/3/1978,5.35,0.79,14.850,89.21,8.04,105.59,93.84,,Standard Error,4.68,,,,,,,
1/4/1978,5,0.79,14.850,96.83,8.15,109.61,95.62,,Observations,600.00,,,,,,,
1/5/1978,5.47,0.94,14.850,97.24,8.35,120.58,95.46,,,,,,,,,,
1/6/1978,5.28,1.09,14.850,95.53,8.46,103.55,93.53,,ANOVA,,,,,,,,
1/7/1978,5.57,0.77,14.850,100.68,8.64,102.81,90.94,,,df,SS,MS,F,Significance F,,,
1/8/1978,5.53,0.46,14.850,103.29,8.41,69.92,90,,Regression,4.00,29652.98,7413.25,338.36,0.00%,,,
1/9/1978,5.67,0.76,14.850,102.54,8.42,67.48,88.83,,Residual,595.00,13035.89,21.91,,,,,
1/10/1978,6.26,0.9,14.850,93.15,8.64,67.81,83.07,,Total,599.00,42688.88,,,,,,
1/11/1978,5.91,0.45,14.850,94.7,8.81,95.56,90.22,,,,,,,,,,
1/12/1978,6.02,0.45,14.850,96.11,9.01,102.59,86.5,,,Coefficients,Standard Error,t Stat,P-value,Lower 95%,Upper 95%,Lower 95.0%,Upper 95.0%
1/1/1979,6.71,0.89,14.850,99.93,9.10,99.49,88.86,,Intercept,3.39,1.59,2.14,3.30%,0.27,6.51,0.27,6.51
1/2/1979,7.69,1.17,15.850,96.28,9.10,116.60,88.18,,Inflation Changes,2.11,0.53,4.00,0.01%,1.07,3.15,1.07,3.15
1/3/1979,7.45,1.01,15.850,101.59,9.12,111.36,88.53,,Oil Price,0.19,0.01,20.33,0.00%,0.17,0.21,0.17,0.21
1/4/1979,7.65,1.15,15.850,101.76,9.18,110.29,89.98,,DXY,-0.03,0.01,-1.82,6.86%,-0.06,0.00,-0.06,0.00
1/5/1979,8.77,1.27,18.100,99.08,9.25,100.09,90.53,,SPX500,0.00,0.00,9.13,0.00%,0.00,0.00,0.00,0.00
1/6/1979,8.54,1.12,19.100,102.91,8.91,126.83,87.85,,,,,,,,,,
1/7/1979,9.08,1.11,21.750,103.81,8.95,96.52,87.31,,,,,,,,,,
1/8/1979,10.32,0.96,26.500,109.32,9.03,77.28,87.19,,SUMMARY OUTPUT,,,,,,,,
1/9/1979,16.25,1.08,28.500,109.32,9.33,103.75,85.45,,,,,,,,,,
1/10/1979,16.6,0.8,29.000,101.82,10.30,121.22,88.95,,Regression Statistics,,,,,,,,
1/11/1979,19,0.93,31.000,106.16,10.65,116.08,86.79,,Multiple R,83.24%,,,,,,,
1/12/1979,32.2,1.05,32.500,107.94,10.39,138.40,85.82,,R Square,69.29%,,,,,,,
1/1/1980,35.28,1.43,32.500,114.16,10.80,239.99,86.14,,Adjusted R Square,69.14%,,,,,,,
1/2/1980,35.52,1.41,37.000,113.66,12.41,155.41,87.65,,Standard Error,4.69,,,,,,,
1/3/1980,13.49,1.52,38.000,102.09,12.75,124.67,93.58,,Observations,600.00,,,,,,,
1/4/1980,13.83,1.12,39.500,106.29,11.47,181.85,88.11,,,,,,,,,,
1/5/1980,13.7,0.99,39.500,111.24,10.18,121.64,85.93,,ANOVA,,,,,,,,
1/6/1980,16.75,1.1,39.500,114.24,9.78,114.37,85.2,,,df,SS,MS,F,Significance F,,,
1/7/1980,15.78,0,39.500,121.67,10.25,83.98,86.08,,Regression,3.00,29580.08,9860.03,448.29,0.00%,<5%,,
1/8/1980,16.06,0.73,38.000,122.38,11.10,95.42,85.85,,Residual,596.00,13108.80,21.99,,,,,
1/9/1980,20.5,0.84,36.000,125.46,11.51,147.71,86.02,,Total,599.00,42688.88,,,,,,
1/10/1980,18.88,0.95,36.000,127.47,11.75,157.22,88.38,,,,,,,,,,
1/11/1980,18.42,0.83,36.000,140.52,12.68,124.79,90.01,,,Coefficients,Standard Error,t Stat,P-value,Lower 95%,Upper 95%,Lower 95.0%,Upper 95.0%
1/12/1980,15.5,0.94,37.000,135.76,12.84,135.88,90.39,,Intercept,0.59,0.39,1.49,13.68%,-0.19,1.36,-0.19,1.36
1/1/1981,13.15,0.81,38.000,129.55,12.57,141.42,95.24,1,Inflation Changes,2.12,0.53,4.00,0.01%,1.08,3.15,1.08,3.15
1/2/1981,12.53,1.03,38.000,131.27,13.19,134.69,97.06,2,Oil Price,0.20,0.01,23.11,0.00%,0.18,0.21,0.18,0.21
1/3/1981,12.33,0.68,38.000,136,13.12,110.00,96.76,3,SPX500,0.00,0.00,8.93,0.00%,0.00,0.00,0.00,0.00
1/4/1981,11.07,0.68,38.000,132.81,13.68,138.07,100.45,,,,,,<5%,,,,
1/5/1981,10.59,0.79,38.000,132.59,14.10,139.18,104.95,,,,,,,,,,
1/6/1981,8.3,0.89,36.000,131.21,13.47,181.11,107.71,,REGRESSION EQUATION,,,,,,,,
1/7/1981,8.51,1.1,36.000,130.92,14.28,104.53,111.72,,Y= 0.59 + 2.12(X2) + 0.20(X3) + 0.00 (X6),,,,,,,,
1/8/1981,9.15,0.76,36.000,122.79,14.94,116.93,110.28,,,,,,,,,,
1/9/1981,8.95,0.98,36.000,116.18,15.32,118.04,107.73,,Date,Actual,Prediction,Error,Absolute Error,,,,
1/10/1981,9.12,0.21,35.000,121.89,15.15,123.01,106.13,,1/1/2025,31.3118,27.18,4.13,4.13,,,,
1/11/1981,8.27,0.32,36.000,126.35,13.39,176.86,103.18,,1/2/2025,31.2277,25.76,5.47,5.47,,,,
1/12/1981,8.15,0.32,35.000,122.55,13.72,199.62,104.69,,1/3/2025,34.1992,24.06,10.14,10.14,,,,
1/1/1982,8.28,0.32,33.850,120.4,14.59,176.23,108.03,,1/4/2025,32.6308,23.25,9.38,9.38,,,,
1/2/1982,7.84,0.32,31.560,113.11,14.43,147.50,111.93,,1/5/2025,32.9896,23.36,9.63,9.63,,,,
1/3/1982,7.06,-0.11,28.480,111.96,13.86,167.21,114.73,,1/6/2025,35.7821,25.31,10.47,10.47,,,,
1/4/1982,7.06,0.42,33.450,116.44,13.87,274.44,111.6,,1/7/2025,37.1164,25.18,11.93,11.93,,,,
1/5/1982,6.36,0.95,35.930,111.88,13.62,242.19,112.79,,1/8/2025,39.015,24.99,14.02,14.02,,,,
1/6/1982,5.73,1.25,35.070,109.61,14.30,213.54,119.04,,1/9/2025,46.861,25.12,21.74,21.74,,,,
1/7/1982,6.64,0.52,34.160,107.09,13.95,169.60,119.05,,1/10/2025,48.6932,23.80,24.89,24.89,,,,
1/8/1982,7.73,0.21,33.950,119.51,13.06,138.04,120.29,,1/11/2025,56.5422,24.05,32.49,32.49,,,,
1/9/1982,8.19,0.2,35.630,120.42,12.34,123.84,122.2,,1/12/2025,71.649,24.46,47.19,47.19,,,,
1/10/1982,9.87,0.31,35.680,133.72,10.91,135.75,124.78,,,,,,,,,,
1/11/1982,9.54,-0.2,34.150,138.53,10.55,155.34,121,,,,,MAE,16.79,,,,
1/12/1982,10.87,-0.41,31.720,140.64,10.54,143.95,117.36,,,,,,,,,,
1/1/1983,13.82,0.2,31.190,145.3,10.46,123.33,121.12,,,,,,,,,,
1/2/1983,11.7,0.1,28.950,148.06,10.72,110.11,120.35,,,,,,,,,,
1/3/1983,10.5,0,28.820,152.96,10.51,116.99,122.21,,,,,,,,,,
1/4/1983,11.96,0.72,30.610,164.43,10.40,161.45,122.39,,,,,,,,,,
1/5/1983,13.55,0.61,30.000,162.39,10.38,142.98,123.79,,,,,,,,,,
1/6/1983,11.6,0.3,31.000,167.64,10.85,131.83,124.94,,,,,,,,,,
1/7/1983,12.15,0.4,31.660,162.56,11.38,116.72,128.44,,,,,,,,,,
1/8/1983,11.99,0.3,31.910,164.4,11.85,103.26,130.84,,,,,,,,,,
1/9/1983,11.24,0.5,31.110,166.07,11.65,160.89,128.35,,,,,,,,,,
1/10/1983,8.74,0.3,30.410,163.55,11.54,142.19,128.4,,,,,,,,,,
1/11/1983,9.81,0.2,29.840,166.4,11.69,166.62,130.64,,,,,,,,,,
1/12/1983,8.91,0.1,29.240,164.93,11.83,122.34,131.79,,,,,,,,,,
1/1/1984,8.43,0.59,29.690,163.41,11.67,120.30,135.51,,,,,,,,,,
1/2/1984,9.64,0.49,30.145,157.06,11.84,89.51,128.25,,,,,,,,,,
1/3/1984,9.65,0.2,30.761,159.18,12.32,96.83,128.22,,,,,,,,,,
1/4/1984,8.96,0.49,30.618,160.05,12.63,97.09,132.64,,,,,,,,,,
1/5/1984,9.12,0.29,30.520,150.55,13.41,123.85,133.69,,,,,,,,,,
1/6/1984,8.39,0.29,29.967,153.18,13.56,119.10,136.26,,,,,,,,,,
1/7/1984,7.11,0.39,28.752,150.66,13.36,79.27,141.29,,,,,,,,,,
1/8/1984,7.45,0.38,29.250,166.68,12.72,82.40,140.33,,,,,,,,,,
1/9/1984,7.44,0.48,29.311,166.1,12.52,101.11,147.55,,,,,,,,,,
1/10/1984,7.2,0.29,28.765,166.09,12.16,109.51,146.39,,,,,,,,,,
1/11/1984,7.05,0,28.098,163.58,11.57,111.74,149.21,,,,,,,,,,
1/12/1984,6.29,0,25.429,167.24,11.50,108.51,151.47,,,,,,,,,,
1/1/1985,6.33,0.19,25.641,179.63,11.38,101.08,152.72,,,,,,,,,,
1/2/1985,5.72,0.47,27.271,181.18,11.51,127.21,160.41,,,,,,,,,,
1/3/1985,6.66,0.38,28.238,180.66,11.86,131.81,149.18,,,,,,,,,,
1/4/1985,6.32,0.47,28.805,179.83,11.43,91.30,149.7,,,,,,,,,,
1/5/1985,6.09,0.37,27.623,189.55,10.85,101.91,147.86,,,,,,,,,,
1/6/1985,6.11,0.28,27.143,191.85,10.16,156.59,146.12,,,,,,,,,,
1/7/1985,6.34,0.19,27.329,190.92,10.31,128.54,137.26,,,,,,,,,,
1/8/1985,6.25,0.19,27.755,188.63,10.33,69.09,138.2,,,,,,,,,,
1/9/1985,6.05,0.28,28.289,182.08,10.37,103.20,132.12,,,,,,,,,,
1/10/1985,6.15,0.37,29.538,189.82,10.24,101.97,129.39,,,,,,,,,,
1/11/1985,6.15,0.28,30.813,202.17,9.78,105.18,124.99,,,,,,,,,,
1/12/1985,5.8,0.28,27.228,211.28,9.26,76.83,123.46,,,,,,,,,,
1/1/1986,6.1,0.27,22.945,211.78,9.19,126.04,121.52,,,,,,,,,,
1/2/1986,5.67,-0.27,15.442,226.92,8.70,83.87,115.08,,,,,,,,,,
1/3/1986,5.62,-0.46,12.618,238.9,7.78,89.61,117.92,,,,,,,,,,
1/4/1986,5.11,-0.18,12.847,235.52,7.30,158.08,111.77,,,,,,,,,,
1/5/1986,5.21,0.28,15.444,247.35,7.71,120.52,117.51,,,,,,,,,,
1/6/1986,5.05,0.55,13.469,250.84,7.80,97.85,111.61,,,,,,,,,,
1/7/1986,5.05,0,11.575,236.12,7.30,99.91,108.04,,,,,,,,,,
1/8/1986,5.17,0.18,15.092,252.93,7.17,102.97,106.43,,,,,,,,,,
1/9/1986,5.52,0.46,14.913,231.32,7.45,105.96,106.74,,,,,,,,,,
1/10/1986,5.61,0.09,14.852,243.98,7.43,122.56,109.27,,,,,,,,,,
1/11/1986,5.38,0.09,15.207,249.22,7.25,125.02,105.92,,,,,,,,,,
1/12/1986,5.28,0.09,16.076,242.17,7.11,92.58,103.58,,,,,,,,,,
1/1/1987,5.55,0.63,18.656,274.08,7.08,90.54,99.86,,,,,,,,,,
1/2/1987,5.47,0.36,17.726,284.2,7.25,107.60,99.26,,,,,,,,,,
1/3/1987,6.31,0.45,18.305,291.7,7.25,101.97,97.11,,,,,,,,,,
1/4/1987,8.13,0.54,18.643,288.36,8.02,110.66,95.94,,,,,,,,,,
1/5/1987,7.69,0.35,19.415,290.1,8.61,97.07,97.77,,,,,,,,,,
1/6/1987,7.14,0.35,20.034,304,8.40,96.55,98.13,,,,,,,,,,
1/7/1987,8.32,0.26,21.355,318.66,8.45,106.53,99.79,,,,,,,,,,
1/8/1987,7.55,0.53,20.274,329.8,8.76,115.62,97.32,,,,,,,,,,
1/9/1987,7.64,0.52,19.526,321.83,9.42,143.19,98.57,,,,,,,,,,
1/10/1987,6.88,0.26,19.848,251.79,9.52,100.02,93.65,,,,,,,,,,
1/11/1987,7.25,0.09,18.920,230.3,8.86,109.66,89.15,,,,,,,,,,
1/12/1987,6.7,0,17.241,247.08,8.99,130.91,85.42,,,,,,,,,,
1/1/1988,6.55,0.26,17.160,257.07,8.67,90.42,90.34,,,,,,,,,,
1/2/1988,6.14,0.26,16.765,267.82,8.21,89.69,90.53,,,,,,,,,,
1/3/1988,6.75,0.43,16.217,258.89,8.37,107.80,88.3,,,,,,,,,,
1/4/1988,6.46,0.52,17.875,261.33,8.72,110.72,89.16,,,,,,,,,,
1/5/1988,6.6,0.34,17.438,262.16,9.09,105.08,91.09,,,,,,,,,,
1/6/1988,6.65,0.43,16.530,273.5,8.92,77.19,95.41,,,,,,,,,,
1/7/1988,6.8,0.42,15.498,272.02,9.06,68.12,97.53,,,,,,,,,,
1/8/1988,6.46,0.42,15.524,261.52,9.26,69.28,98.42,,,,,,,,,,
1/9/1988,6.17,0.67,14.467,271.91,8.98,75.45,97.69,,,,,,,,,,
1/10/1988,6.31,0.33,13.798,278.97,8.80,70.20,93.76,,,,,,,,,,
1/11/1988,6.07,0.08,13.977,273.7,8.96,57.72,90.53,,,,,,,,,,
1/12/1988,6.05,0.17,16.266,277.72,9.11,71.82,92.5,,,,,,,,,,
1/1/1989,5.85,0.5,17.983,297.47,9.09,91.14,96.77,,,,,,,,,,
1/2/1989,5.86,0.41,17.826,288.86,9.17,99.14,94.9,,,,,,,,,,
1/3/1989,5.77,0.58,19.445,294.87,9.36,81.04,98.14,,,,,,,,,,
1/4/1989,5.64,0.65,21.040,309.64,9.18,81.78,97.71,,,,,,,,,,
1/5/1989,5.22,0.57,20.032,320.52,8.86,121.55,102.98,,,,,,,,,,
1/6/1989,5.17,0.24,20.005,317.98,8.28,106.40,102.02,,,,,,,,,,
1/7/1989,5.15,0.24,19.644,346.08,8.02,94.60,97.39,,,,,,,,,,
1/8/1989,5.07,0.16,18.522,351.45,8.11,118.79,102.28,,,,,,,,,,
1/9/1989,5.28,0.32,19.594,349.15,8.19,85.50,98.47,,,,,,,,,,
1/10/1989,5.23,0.48,20.091,340.36,8.01,67.98,98.07,,,,,,,,,,
1/11/1989,5.57,0.24,19.820,345.99,7.87,85.30,96.27,,,,,,,,,,
1/12/1989,5.22,0.16,21.088,353.4,7.84,108.84,93.21,,,,,,,,,,
1/1/1990,5.21,1.03,22.641,329.08,8.21,79.02,92.41,,,,,,,,,,
1/2/1990,5.12,0.47,22.108,331.89,8.47,88.42,93.29,,,,,,,,,,
1/3/1990,4.97,0.55,20.418,339.94,8.59,75.67,93.69,,,,,,,,,,
1/4/1990,4.94,0.16,18.582,330.8,8.79,95.01,93.07,,,,,,,,,,
1/5/1990,5.07,0.23,18.237,361.23,8.76,109.38,92.98,,,,,,,,,,
1/6/1990,4.84,0.54,16.871,358.02,8.48,75.58,91.15,,,,,,,,,,
1/7/1990,4.86,0.38,18.638,356.15,8.47,80.59,87.17,,,,,,,,,,
1/8/1990,4.83,0.92,27.174,322.56,8.75,314.06,86.56,,,,,,,,,,
1/9/1990,4.8,0.84,33.687,306.05,8.89,239.73,86,,,,,,,,,,
1/10/1990,4.22,0.6,35.922,304,8.72,160.05,83.28,,,,,,,,,,
1/11/1990,4.09,0.22,32.300,322.22,8.39,185.28,82.93,,,,,,,,,,
1/12/1990,4.19,0,27.337,330.22,8.08,190.06,83.07,,,,,,,,,,
1/1/1991,3.83,0.6,24.959,343.93,8.09,285.02,82,,,,,,,,,,
1/2/1991,3.68,0.15,20.523,367.07,7.85,223.39,84.08,,,,,,,,,,
1/3/1991,3.84,0.15,19.860,375.22,8.11,129.19,92.02,,,,,,,,,,
1/4/1991,3.93,0.15,20.823,375.34,8.04,103.30,91.54,,,,,,,,,,
1/5/1991,4.13,0.3,21.240,389.83,8.07,98.80,93.13,,,,,,,,,,
1/6/1991,4.45,0.29,20.195,371.16,8.28,100.41,96.06,,,,,,,,,,
1/7/1991,4.07,0.15,21.420,387.81,8.27,142.52,93.49,,,,,,,,,,
1/8/1991,3.82,0.29,21.688,395.43,7.90,126.35,93.49,,,,,,,,,,
1/9/1991,4.14,0.44,21.857,387.86,7.65,154.95,89.9,,,,,,,,,,
1/10/1991,4.09,0.15,23.228,392.45,7.53,130.15,89.93,,,,,,,,,,
1/11/1991,4.07,0.29,22.465,375.22,7.42,106.54,88.19,,,,,,,,,,
1/12/1991,3.86,0.07,19.517,417.09,7.09,141.05,83.52,,,,,,,,,,
1/1/1992,4.13,0.15,18.820,408.78,7.03,126.37,87.49,,,,,,,,,,
1/2/1992,4.12,0.36,18.995,412.7,7.34,105.27,88.99,,,,,,,,,,
1/3/1992,4.12,0.51,18.916,403.69,7.54,102.41,89.65,,,,,,,,,,
1/4/1992,3.98,0.14,20.243,414.95,7.48,101.56,89.62,,,,,,,,,,
1/5/1992,4.06,0.14,20.940,415.35,7.39,105.58,87.22,,,,,,,,,,
1/6/1992,4.03,0.36,22.375,408.14,7.26,134.04,83.72,,,,,,,,,,
1/7/1992,3.95,0.21,21.759,424.21,6.84,102.13,81.91,,,,,,,,,,
1/8/1992,3.72,0.28,21.350,414.03,6.59,90.13,78.88,,,,,,,,,,
1/9/1992,3.77,0.28,21.902,417.8,6.42,104.79,81.1,,,,,,,,,,
1/10/1992,3.76,0.35,21.688,418.68,6.59,75.21,87.63,,,,,,,,,,
1/11/1992,3.73,0.14,20.342,431.35,6.87,126.37,90.84,,,,,,,,,,
1/12/1992,3.67,-0.07,19.407,435.71,6.77,103.59,92.36,,,,,,,,,,
1/1/1993,3.71,0.49,19.075,438.78,6.60,142.94,92.46,,,,,,,,,,
1/2/1993,3.57,0.35,20.053,443.38,6.26,103.89,94.05,,,,,,,,,,
1/3/1993,3.89,0.35,20.347,451.67,5.98,103.13,91.87,,,,,,,,,,
1/4/1993,4.3,0.28,20.270,440.19,5.97,145.80,89.49,,,,,,,,,,
1/5/1993,4.71,0.14,19.940,450.19,6.04,137.93,89.08,,,,,,,,,,
1/6/1993,4.58,0.14,19.070,450.53,5.96,124.55,93.63,,,,,,,,,,
1/7/1993,5.3,0,17.866,448.13,5.81,136.26,95.37,,,,,,,,,,
1/8/1993,4.84,0.28,18.009,463.56,5.68,91.26,93.95,,,,,,,,,,
1/9/1993,4.03,0.21,17.514,458.93,5.36,103.06,92.82,,,,,,,,,,
1/10/1993,4.4,0.41,18.145,467.83,5.33,135.79,95.08,,,,,,,,,,
1/11/1993,4.47,0.07,16.699,461.79,5.72,110.71,96.21,,,,,,,,,,
1/12/1993,5.12,0,14.510,466.45,5.77,99.52,96.84,,,,,,,,,,
1/1/1994,5.06,0.27,15.000,481.61,5.75,94.47,95.59,,,,,,,,,,
1/2/1994,5.24,0.34,14.780,467.14,5.97,171.97,94.55,,,,,,,,,,
1/3/1994,5.74,0.34,14.660,445.77,6.48,111.44,93.06,,,,,,,,,,
1/4/1994,5.28,0.14,16.380,450.91,6.97,128.17,92.12,,,,,,,,,,
1/5/1994,5.5,0.07,17.880,456.5,7.18,140.66,92.52,,,,,,,,,,
1/6/1994,5.25,0.34,19.070,444.27,7.10,155.88,89.62,,,,,,,,,,
1/7/1994,5.29,0.27,19.650,458.26,7.30,129.75,89.87,,,,,,,,,,
1/8/1994,5.36,0.4,18.380,475.49,7.24,119.47,89.67,,,,,,,,,,
1/9/1994,5.62,0.27,17.460,462.71,7.46,130.21,87.88,,,,,,,,,,
1/10/1994,5.35,0.07,17.710,472.35,7.74,127.87,85.69,,,,,,,,,,
1/11/1994,5.08,0.13,18.100,453.69,7.96,105.96,89.13,,,,,,,,,,
1/12/1994,4.85,0,17.160,459.27,7.81,119.21,88.73,,,,,,,,,,
1/1/1995,4.7,0.4,17.990,470.42,7.78,85.00,87.99,,,,,,,,,,
1/2/1995,4.49,0.4,18.530,487.39,7.47,79.88,85.93,,,,,,,,,,
1/3/1995,5.16,0.33,18.550,500.71,7.20,85.81,81.9,,,,,,,,,,
1/4/1995,5.83,0.33,19.870,514.71,7.06,99.07,81.8,,,,,,,,,,
1/5/1995,5.3,0.2,19.740,533.4,6.63,95.60,82.57,,,,,,,,,,
1/6/1995,5.33,0.2,18.420,544.75,6.17,127.75,81.58,,,,,,,,,,
1/7/1995,5.1,0,17.300,562.06,6.28,115.28,81.57,,,,,,,,,,
1/8/1995,5.32,0.26,18.030,561.88,6.49,123.76,85.57,,,,,,,,,,
1/9/1995,5.53,0.2,18.230,584.41,6.20,66.97,84.29,,,,,,,,,,
1/10/1995,5.36,0.33,17.440,581.5,6.04,60.29,83.66,,,,,,,,,,
1/11/1995,5.18,-0.07,17.990,605.37,5.93,74.05,85.26,,,,,,,,,,
1/12/1995,5.14,-0.07,19.040,615.93,5.71,73.56,84.76,,,,,,,,,,
1/1/1996,5.52,0.59,18.880,636.02,5.65,68.99,87.38,,,,,,,,,,
1/2/1996,5.52,0.32,19.070,640.43,5.81,94.51,86.29,,,,,,,,,,
1/3/1996,5.52,0.52,21.360,645.5,6.27,78.08,86.52,,,,,,,,,,
1/4/1996,5.28,0.39,23.570,654.17,6.51,69.41,88.02,,,,,,,,,,
1/5/1996,5.34,0.19,21.250,669.12,6.74,56.79,87.78,,,,,,,,,,
1/6/1996,5.03,0.06,20.450,670.63,6.91,62.09,87.82,,,,,,,,,,
1/7/1996,5.11,0.19,21.320,639.95,6.87,72.94,85.9,,,,,,,,,,
1/8/1996,5.2,0.19,21.960,651.99,6.64,79.29,86.36,,,,,,,,,,
1/9/1996,4.88,0.32,23.990,687.33,6.83,86.02,87.94,,,,,,,,,,
1/10/1996,4.83,0.32,24.900,705.27,6.53,50.47,87.43,,,,,,,,,,
1/11/1996,4.74,0.19,23.710,757.02,6.20,52.56,87.92,,,,,,,,,,
1/12/1996,4.8,0,25.390,740.74,6.30,72.47,88.18,,,,,,,,,,
1/1/1997,4.96,0.32,25.170,786.16,6.58,51.03,93.04,,,,,,,,,,
1/2/1997,5.25,0.31,22.210,790.82,6.42,47.55,94.89,,,,,,,,,,
1/3/1997,5.13,0.25,20.990,757.12,6.69,53.83,94.72,,,,,,,,,,
1/4/1997,4.66,0.12,19.720,801.34,6.89,56.43,97.18,,,,,,,,,,
1/5/1997,4.86,-0.06,20.830,848.28,6.71,51.16,94.85,,,,,,,,,,
1/6/1997,4.72,0.12,19.170,885.14,6.49,30.31,95.67,,,,,,,,,,
1/7/1997,4.38,0.12,19.630,954.31,6.22,34.33,99.64,,,,,,,,,,
1/8/1997,4.73,0.19,19.930,899.47,6.30,37.48,99,,,,,,,,,,
1/9/1997,5.17,0.25,19.790,947.28,6.21,39.10,97.11,,,,,,,,,,
1/10/1997,4.82,0.25,21.260,914.62,6.03,55.12,95.64,,,,,,,,,,
1/11/1997,5.3,-0.06,20.170,955.4,5.88,83.47,97.79,,,,,,,,,,
1/12/1997,6,-0.12,18.320,970.43,5.81,46.34,99.65,,,,,,,,,,
1/1/1998,6.05,0.19,16.710,980.28,5.54,54.79,100.79,,,,,,,,,,
1/2/1998,6.37,0.19,16.060,1049.34,5.57,87.78,99.82,,,,,,,,,,
1/3/1998,6.35,0.19,15.020,1101.75,5.65,60.72,101.5,,,,,,,,,,
1/4/1998,6.22,0.18,15.440,1111.75,5.64,50.37,99.71,,,,,,,,,,
1/5/1998,4.96,0.18,14.860,1090.82,5.65,107.05,100.45,,,,,,,,,,
1/6/1998,5.36,0.12,13.660,1133.84,5.50,87.83,101.17,,,,,,,,,,
1/7/1998,5.53,0.12,14.080,1120.67,5.46,65.73,101.2,,,,,,,,,,
1/8/1998,4.79,0.12,13.360,957.28,5.34,76.07,100.2,,,,,,,,,,
1/9/1998,5.39,0.12,14.950,1017.01,4.81,65.40,96.17,,,,,,,,,,
1/10/1998,5.06,0.24,14.390,1098.67,4.53,48.27,93.73,,,,,,,,,,
1/11/1998,4.93,0,12.850,1163.63,4.83,78.45,96.2,,,,,,,,,,
1/12/1998,5.01,-0.06,11.280,1229.23,4.65,72.61,94.17,,,,,,,,,,
1/1/1999,5.24,0.24,12.470,1279.64,4.72,67.27,96.08,,,,,,,,,,
1/2/1999,5.58,0.12,12.010,1238.33,5.00,52.02,98.68,,,,,,,,,,
1/3/1999,5.03,0.3,14.660,1286.37,5.23,92.05,100.1,,,,,,,,,,
1/4/1999,5.44,0.73,17.340,1335.18,5.18,103.99,101,,,,,,,,,,
1/5/1999,4.94,0,17.750,1301.84,5.54,86.58,102.51,,,,,,,,,,
1/6/1999,5.22,0,17.890,1372.71,5.90,67.68,102.85,,,,,,,,,,
1/7/1999,5.45,0.3,20.070,1328.72,5.79,56.45,99.75,,,,,,,,,,
1/8/1999,5.08,0.24,21.260,1320.41,5.94,52.62,99.95,,,,,,,,,,
1/9/1999,5.58,0.48,23.880,1282.71,5.92,72.34,98.54,,,,,,,,,,
1/10/1999,5.29,0.18,22.640,1362.93,6.11,79.07,99.06,,,,,,,,,,
1/11/1999,5.18,0.06,24.970,1388.91,6.03,55.25,101.99,,,,,,,,,,
1/12/1999,5.33,0,26.080,1469.25,6.28,93.52,101.87,,,,,,,,,,
1/1/2000,5.26,0.3,27.180,1394.46,6.66,60.84,105.13,,,,,,,,,,
1/2/2000,5.1,0.59,29.350,1366.42,6.52,58.06,105.92,,,,,,,,,,
1/3/2000,4.94,0.82,29.890,1498.58,6.26,52.42,105.44,,,,,,,,,,
1/4/2000,4.94,0.06,25.740,1452.43,5.99,53.65,110.14,,,,,,,,,,
1/5/2000,4.9,0.12,28.780,1420.6,6.44,68.13,108.74,,,,,,,,,,
1/6/2000,5.02,0.52,31.830,1454.6,6.10,68.18,106.84,,,,,,,,,,
1/7/2000,4.95,0.23,29.770,1430.83,6.05,51.16,109.57,,,,,,,,,,
1/8/2000,4.91,0,31.220,1517.68,5.83,41.73,112.6,,,,,,,,,,
1/9/2000,4.89,0.52,33.880,1436.51,5.80,65.46,113.25,,,,,,,,,,
1/10/2000,4.74,0.17,33.080,1429.4,5.74,73.04,116.65,,,,,,,,,,
1/11/2000,4.63,0.06,34.400,1314.95,5.72,45.46,115.24,,,,,,,,,,
1/12/2000,4.58,-0.06,28.460,1320.28,5.24,43.94,109.56,,,,,,,,,,
1/1/2001,4.79,0.63,29.580,1366.01,5.16,52.46,110.52,,,,,,,,,,
1/2/2001,4.43,0.4,29.610,1239.94,5.10,45.43,112.01,,,,,,,,,,
1/3/2001,4.33,0.23,27.240,1160.33,4.89,49.59,117.37,,,,,,,,,,
1/4/2001,4.37,0.4,27.410,1249.46,5.14,48.39,115.85,,,,,,,,,,
1/5/2001,4.43,0.45,28.640,1255.82,5.39,57.58,119.07,,,,,,,,,,
1/6/2001,4.34,0.17,27.600,1224.38,5.28,66.26,119.43,,,,,,,,,,
1/7/2001,4.22,-0.28,26.450,1211.23,5.24,60.45,117.18,,,,,,,,,,
1/8/2001,4.2,0,27.470,1133.58,4.97,47.34,113.42,,,,,,,,,,
1/9/2001,4.59,0.45,25.880,1040.94,4.73,148.79,113.48,,,,,,,,,,
1/10/2001,4.28,-0.34,22.210,1059.78,4.57,169.75,114.86,,,,,,,,,,
1/11/2001,4.14,-0.17,19.670,1139.45,4.65,128.50,116.13,,,,,,,,,,
1/12/2001,4.52,-0.39,19.330,1148.08,5.09,104.61,116.75,,,,,,,,,,
1/1/2002,4.28,0.23,19.670,1130.2,5.04,98.31,120.24,,,,,,,,,,
1/2/2002,4.44,0.4,20.740,1106.73,4.91,81.29,119.16,,,,,,,,,,
1/3/2002,4.68,0.56,24.420,1147.39,5.28,84.01,118.62,,,,,,,,,,
1/4/2002,4.6,0.56,26.270,1076.92,5.21,81.38,115.19,,,,,,,,,,
1/5/2002,5.05,0,27.020,1067.14,5.16,116.05,111.81,,,,,,,,,,
1/6/2002,4.87,0.06,25.520,989.82,4.93,105.68,106.11,,,,,,,,,,
1/7/2002,4.66,0.11,26.940,911.62,4.65,77.22,107.41,,,,,,,,,,
1/8/2002,4.57,0.33,28.380,916.07,4.26,70.15,106.98,,,,,,,,,,
1/9/2002,4.53,0.17,29.670,815.28,3.87,120.15,106.87,,,,,,,,,,
1/10/2002,4.48,0.17,28.850,885.76,3.94,130.82,106.64,,,,,,,,,,
1/11/2002,4.43,0,26.270,936.31,4.05,119.98,106.41,,,,,,,,,,
1/12/2002,4.67,-0.22,29.420,879.82,4.03,128.88,101.85,,,,,,,,,,
1/1/2003,4.87,0.44,32.940,855.7,4.05,175.48,99.91,,,,,,,,,,
1/2/2003,4.6,0.77,35.870,841.15,3.90,189.81,99.71,,,,,,,,,,
1/3/2003,4.46,0.6,33.550,848.18,3.81,261.78,99.06,,,,,,,,,,
1/4/2003,4.61,-0.22,28.250,916.92,3.96,192.01,97.19,,,,,,,,,,
1/5/2003,4.56,-0.16,28.140,963.59,3.57,135.02,93.27,,,,,,,,,,
1/6/2003,4.51,0.11,30.720,974.5,3.33,120.66,94.73,,,,,,,,,,
1/7/2003,5.08,0.11,30.760,990.31,3.98,107.32,96.89,,,,,,,,,,
1/8/2003,5.11,0.38,31.590,1008.01,4.45,97.64,98.1,,,,,,,,,,
1/9/2003,5.12,0.33,28.290,995.97,4.27,92.09,92.85,,,,,,,,,,
1/10/2003,5.14,-0.11,30.330,1050.71,4.29,87.04,92.73,,,,,,,,,,
1/11/2003,5.35,-0.27,31.090,1058.2,4.30,73.88,90.21,,,,,,,,,,
1/12/2003,5.97,-0.11,32.150,1111.92,4.27,92.47,86.92,,,,,,,,,,
1/1/2004,6.23,0.49,34.270,1131.13,4.15,100.04,87.2,,,,,,,,,,
1/2/2004,6.58,0.54,34.740,1144.94,4.08,95.15,87.31,,,,,,,,,,
1/3/2004,7.83,0.64,36.760,1126.21,3.83,79.99,87.61,,,,,,,,,,
1/4/2004,5.95,0.32,36.690,1107.3,4.35,113.28,90.48,,,,,,,,,,
1/5/2004,6.17,0.59,40.280,1120.68,4.72,80.07,88.95,,,,,,,,,,
1/6/2004,5.91,0.32,38.020,1140.84,4.73,102.40,88.8,,,,,,,,,,
1/7/2004,6.42,-0.16,40.690,1101.72,4.50,116.58,89.96,,,,,,,,,,
1/8/2004,6.74,0.05,44.940,1104.24,4.28,120.70,88.94,,,,,,,,,,
1/9/2004,6.67,0.21,45.950,1114.58,4.13,118.15,87.36,,,,,,,,,,
1/10/2004,7.16,0.53,53.130,1130.2,4.10,97.13,84.91,,,,,,,,,,
1/11/2004,7.76,0.05,48.460,1173.82,4.19,90.15,81.82,,,,,,,,,,
1/12/2004,6.82,-0.37,43.330,1211.92,4.23,68.16,80.85,,,,,,,,,,
1/1/2005,6.72,0.21,46.840,1181.27,4.22,67.51,83.6,,,,,,,,,,
1/2/2005,7.35,0.58,47.970,1203.6,4.17,92.56,82.51,,,,,,,,,,
1/3/2005,7.19,0.78,54.310,1180.59,4.50,73.84,84.06,,,,,,,,,,
1/4/2005,6.98,0.67,53.040,1156.85,4.34,65.16,84.43,,,,,,,,,,
1/5/2005,7.13,-0.1,49.830,1191.5,4.14,80.65,87.76,,,,,,,,,,
1/6/2005,7.1,0.05,56.260,1191.33,4.00,63.99,89.11,,,,,,,,,,
1/7/2005,7.15,0.46,58.700,1234.18,4.18,97.03,89.35,,,,,,,,,,
1/8/2005,6.74,0.51,64.970,1220.33,4.26,85.92,87.58,,,,,,,,,,
1/9/2005,7.53,1.22,65.570,1228.81,4.20,63.57,89.52,,,,,,,,,,
1/10/2005,7.77,0.2,62.370,1207.01,4.46,72.24,90.07,,,,,,,,,,
1/11/2005,8.21,-0.8,58.300,1249.48,4.54,63.12,91.57,,,,,,,,,,
1/12/2005,8.83,-0.4,59.430,1248.29,4.47,70.16,91.17,,,,,,,,,,
1/1/2006,9.91,0.76,65.510,1280.08,4.42,80.45,88.96,,,,,,,,,,
1/2/2006,9.7,0.2,61.630,1280.66,4.57,79.75,90.11,,,,,,,,,,
1/3/2006,11.76,0.55,62.900,1294.87,4.72,86.60,89.73,,,,,,,,,,
1/4/2006,12.56,0.85,69.690,1310.61,4.99,73.78,86.11,,,,,,,,,,
1/5/2006,13.13,0.5,70.940,1270.09,5.11,85.85,84.72,,,,,,,,,,
1/6/2006,10.7,0.2,70.960,1270.2,5.11,80.43,85.22,,,,,,,,,,
1/7/2006,11.44,0.3,74.410,1276.66,5.09,103.54,85.3,,,,,,,,,,
1/8/2006,12.6,0.2,73.050,1303.82,4.88,104.83,85.05,,,,,,,,,,
1/9/2006,11.55,-0.49,63.870,1335.85,4.72,107.90,85.97,,,,,,,,,,
1/10/2006,12.08,-0.54,58.880,1377.94,4.73,113.25,85.32,,,,,,,,,,
1/11/2006,13.68,-0.15,59.370,1400.63,4.60,80.44,82.92,,,,,,,,,,
1/12/2006,12.9,0.15,62.030,1418.3,4.56,91.49,83.72,,,,,,,,,,
1/1/2007,13.36,0.31,54.570,1438.24,4.76,103.05,84.61,,,,,,,,,,
1/2/2007,14.31,0.54,59.260,1406.82,4.72,103.37,83.57,,,,,,,,,,
1/3/2007,13.35,0.91,60.560,1420.86,4.56,81.02,82.93,,,,,,,,,,
1/4/2007,13.5,0.65,63.970,1482.37,4.69,73.95,81.45,,,,,,,,,,
1/5/2007,13.25,0.61,63.460,1530.62,4.75,92.73,82.3,,,,,,,,,,
1/6/2007,12.54,0.19,67.480,1503.35,5.10,85.79,81.92,,,,,,,,,,
1/7/2007,12.93,-0.03,74.180,1455.27,5.00,102.59,80.77,,,,,,,,,,
1/8/2007,11.95,-0.18,72.390,1473.99,4.67,69.30,80.79,,,,,,,,,,
1/9/2007,13.65,0.28,79.930,1526.75,4.52,98.93,77.72,,,,,,,,,,
1/10/2007,14.32,0.21,86.200,1549.38,4.53,107.95,76.48,,,,,,,,,,
1/11/2007,14.23,0.59,94.620,1481.14,4.15,83.67,76.15,,,,,,,,,,
1/12/2007,14.76,-0.07,91.730,1468.36,4.10,93.91,76.69,,,,,,,,,,
1/1/2008,16.74,0.5,92.950,1378.55,3.74,84.24,75.18,,,,,,,,,,
1/2/2008,19.62,0.29,95.350,1330.63,3.74,79.12,73.71,,,,,,,,,,
1/3/2008,17.99,0.87,105.560,1322.7,3.51,64.61,71.8,,,,,,,,,,
1/4/2008,16.47,0.61,112.570,1385.59,3.68,74.92,72.51,,,,,,,,,,
1/5/2008,16.85,0.84,125.390,1400.38,3.88,68.04,72.88,,,,,,,,,,
1/6/2008,17.65,1.01,133.930,1280,4.10,73.71,72.46,,,,,,,,,,
1/7/2008,17.48,0.53,133.440,1267.38,4.01,81.17,73.23,,,,,,,,,,
1/8/2008,13.76,-0.4,116.610,1282.83,3.89,68.14,77.38,,,,,,,,,,
1/9/2008,12.96,-0.14,103.900,1166.36,3.69,83.25,79.45,,,,,,,,,,
1/10/2008,9.28,-1.01,76.650,968.75,3.81,47.14,85.63,,,,,,,,,,
1/11/2008,10.12,-1.92,57.440,896.24,3.53,59.15,86.52,,,,,,,,,,
1/12/2008,10.79,-1.03,41.020,903.25,2.42,77.11,81.15,,,,,,,,,,
1/1/2009,12.51,0.44,41.740,825.88,2.52,61.63,85.83,,,,,,,,,,
1/2/2009,13.21,0.5,39.160,735.09,2.87,66.63,88.17,,,,,,,,,,
1/3/2009,13.11,0.24,47.980,797.87,2.82,57.69,85.51,,,,,,,,,,
1/4/2009,12.63,0.25,49.790,872.81,2.93,72.77,84.82,,,,,,,,,,
1/5/2009,15.52,0.29,59.160,919.14,3.29,80.33,79.23,,,,,,,,,,
1/6/2009,13.94,0.86,69.680,919.32,3.72,88.43,80.16,,,,,,,,,,
1/7/2009,13.63,-0.16,64.090,987.48,3.56,80.07,78.35,,,,,,,,,,
1/8/2009,14.54,0.22,71.060,1020.62,3.59,58.12,78.17,,,,,,,,,,
1/9/2009,16.45,0.06,69.460,1057.08,3.40,83.81,76.65,,,,,,,,,,
1/10/2009,16.57,0.1,75.820,1036.19,3.39,90.11,76.3,,,,,,,,,,
1/11/2009,18.14,0.07,78.080,1095.63,3.40,68.18,74.78,,,,,,,,,,
1/12/2009,16.99,-0.18,74.300,1115.1,3.59,89.74,77.86,,,,,,,,,,
1/1/2010,16.29,0.34,78.220,1073.87,3.73,82.47,79.46,,,,,,,,,,
1/2/2010,16.12,0.02,76.420,1104.49,3.69,82.13,80.36,,,,,,,,,,
1/3/2010,17.5,0.41,81.240,1169.43,3.73,70.42,81.07,,,,,,,,,,
1/4/2010,18.62,0.17,84.480,1186.69,3.85,92.50,81.87,,,,,,,,,,
1/5/2010,18.53,0.08,73.840,1089.41,3.42,95.84,86.59,,,,,,,,,,
1/6/2010,18.74,-0.1,75.350,1030.71,3.20,126.58,86.02,,,,,,,,,,
1/7/2010,17.66,0.02,76.370,1101.6,3.01,77.62,81.54,,,,,,,,,,
1/8/2010,18.87,0.14,76.820,1049.33,2.70,79.50,83.2,,,,,,,,,,
1/9/2010,22.07,0.06,75.310,1141.2,2.65,70.91,78.72,,,,,,,,,,
1/10/2010,23.96,0.12,81.900,1183.26,2.54,68.85,77.27,,,,,,,,,,
1/11/2010,27.13,0.04,84.140,1180.55,2.76,101.51,81.19,,,,,,,,,,
1/12/2010,30.63,0.17,89.040,1257.64,3.29,100.46,79.03,,,,,,,,,,
1/1/2011,27.75,0.48,89.420,1286.12,3.39,77.49,77.73,,,,,,,,,,
1/2/2011,33.49,0.49,89.580,1327.22,3.58,82.07,76.89,,,,,,,,,,
1/3/2011,37.87,0.98,102.940,1325.83,3.41,103.05,75.86,,,,,,,,,,
1/4/2011,48.7,0.64,110.040,1363.61,3.46,73.79,72.93,,,,,,,,,,
1/5/2011,38.65,0.47,101.330,1345.2,3.17,90.99,74.64,,,,,,,,,,
1/6/2011,35.02,-0.11,96.290,1320.64,3.00,77.81,74.3,,,,,,,,,,
1/7/2011,39.63,0.09,97.190,1292.28,3.00,67.59,73.9,,,,,,,,,,
1/8/2011,41.35,0.28,86.330,1218.89,2.30,64.13,74.12,,,,,,,,,,
1/9/2011,30.45,0.15,85.610,1131.42,1.98,77.54,78.55,,,,,,,,,,
1/10/2011,34.24,-0.21,86.410,1253.3,2.15,62.93,76.17,,,,,,,,,,
1/11/2011,31.35,-0.08,97.210,1246.96,2.01,91.21,78.38,,,,,,,,,,
1/12/2011,28.18,-0.25,98.570,1257.6,1.98,92.12,80.18,,,,,,,,,,
1/1/2012,33.6,0.44,100.240,1312.41,1.97,88.87,79.29,,,,,,,,,,
1/2/2012,37.23,0.44,102.250,1365.68,1.97,95.23,78.74,,,,,,,,,,
1/3/2012,32.43,0.76,106.190,1408.47,2.17,91.72,79,,,,,,,,,,
1/4/2012,31.2,0.3,103.330,1397.91,2.05,97.25,78.78,,,,,,,,,,
1/5/2012,28.1,-0.12,94.700,1310.33,1.80,86.78,83.04,,,,,,,,,,
1/6/2012,27.08,-0.15,82.410,1362.16,1.62,70.26,81.63,,,,,,,,,,
1/7/2012,28.2,-0.16,87.930,1379.32,1.53,80.70,82.64,,,,,,,,,,
1/8/2012,30.52,0.56,94.160,1406.58,1.68,76.49,81.21,,,,,,,,,,
1/9/2012,34.65,0.45,94.720,1440.67,1.72,71.36,79.94,,,,,,,,,,
1/10/2012,32.28,-0.04,89.570,1412.16,1.75,67.01,79.92,,,,,,,,,,
1/11/2012,34.28,-0.47,86.660,1416.18,1.65,70.20,80.15,,,,,,,,,,
1/12/2012,29.95,-0.27,88.250,1426.19,1.72,64.24,79.77,,,,,,,,,,
1/1/2013,32.03,0.3,94.690,1498.11,1.91,75.18,79.21,,,,,,,,,,
1/2/2013,28.95,0.82,95.320,1514.68,1.98,78.07,81.95,,,,,,,,,,
1/3/2013,28.64,0.26,93.050,1569.19,1.96,70.44,83.22,,,,,,,,,,
1/4/2013,24.42,-0.1,92.070,1597.57,1.76,93.33,81.75,,,,,,,,,,
1/5/2013,22.57,0.18,94.800,1630.74,1.93,77.84,83.26,,,,,,,,,,
1/6/2013,18.86,0.24,95.800,1606.28,2.30,79.75,83.14,,,,,,,,,,
1/7/2013,19.94,0.04,104.610,1685.73,2.58,63.30,81.45,,,,,,,,,,
1/8/2013,23.64,0.12,106.570,1632.97,2.74,73.06,82.09,,,,,,,,,,
1/9/2013,21.68,0.12,106.290,1681.55,2.81,96.77,80.22,,,,,,,,,,
1/10/2013,22.2,-0.26,100.540,1756.54,2.62,76.11,80.19,,,,,,,,,,
1/11/2013,19.93,-0.2,93.860,1805.81,2.72,99.33,80.68,,,,,,,,,,
1/12/2013,19.5,-0.01,97.630,1848.36,2.90,82.17,80.03,,,,,,,,,,
1/1/2014,19.31,0.37,94.620,1782.59,2.86,77.75,81.31,,,,,,,,,,
1/2/2014,21.27,0.37,100.820,1859.45,2.71,75.13,79.69,,,,,,,,,,
1/3/2014,19.97,0.64,100.800,1872.34,2.72,130.48,80.1,,,,,,,,,,
1/4/2014,19.28,0.33,102.070,1883.95,2.71,105.72,79.47,,,,,,,,,,
1/5/2014,19,0.35,102.180,1923.57,2.56,93.51,80.37,,,,,,,,,,
1/6/2014,20.87,0.19,105.790,1960.23,2.60,92.05,79.78,,,,,,,,,,
1/7/2014,20.69,-0.04,103.590,1930.67,2.54,144.64,81.46,,,,,,,,,,
1/8/2014,19.47,-0.17,96.540,2003.37,2.42,123.09,82.75,,,,,,,,,,
1/9/2014,17.11,0.08,93.210,1972.29,2.53,129.89,85.94,,,,,,,,,,
1/10/2014,16.2,-0.25,84.400,2018.05,2.30,80.54,86.92,,,,,,,,,,
1/11/2014,15.97,-0.54,75.790,2067.56,2.33,89.17,88.36,,,,,,,,,,
1/12/2014,15.97,-0.57,59.290,2058.9,2.21,78.25,90.27,,,,,,,,,,
1/1/2015,16.92,-0.47,47.220,1994.99,1.88,91.56,94.8,,,,,,,,,,
1/2/2015,16.53,0.43,50.580,2104.5,1.98,125.61,95.32,,,,,,,,,,
1/3/2015,16.6,0.6,47.820,2067.89,2.04,135.94,98.36,,,,,,,,,,
1/4/2015,16.52,0.2,54.450,2085.51,1.94,117.82,94.6,,,,,,,,,,
1/5/2015,16.7,0.51,59.270,2107.39,2.20,74.84,96.91,,,,,,,,,,
1/6/2015,15.58,0.35,59.820,2063.11,2.36,92.73,95.48,,,,,,,,,,
1/7/2015,14.75,0.01,50.900,2103.84,2.32,124.38,97.34,,,,,,,,,,
1/8/2015,14.59,-0.14,42.870,1972.18,2.17,107.20,95.82,,,,,,,,,,
1/9/2015,14.52,-0.16,45.480,1920.03,2.17,132.51,96.35,,,,,,,,,,
1/10/2015,15.57,-0.04,46.220,2079.36,2.07,87.12,96.95,,,,,,,,,,
1/11/2015,14.09,-0.21,42.440,2080.41,2.26,102.44,100.17,,,,,,,,,,
1/12/2015,13.8,-0.34,37.190,2043.94,2.24,119.51,98.63,,,,,,,,,,
1/1/2016,14.24,0.17,31.680,1940.24,2.09,116.34,99.61,,,,,,,,,,
1/2/2016,14.92,0.08,30.320,1932.23,1.78,83.29,98.21,,,,,,,,,,
1/3/2016,15.46,0.43,37.550,2059.74,1.89,108.58,94.59,,,,,,,,,,
1/4/2016,17.82,0.47,40.750,2065.3,1.81,93.73,93.08,,,,,,,,,,
1/5/2016,15.994,0.4,46.710,2096.96,1.81,84.61,95.89,,,,,,,,,,
1/6/2016,18.623,0.33,48.760,2098.86,1.64,70.72,96.14,,,,,,,,,,
1/7/2016,20.347,-0.16,44.650,2173.6,1.50,82.43,95.53,,,,,,,,,,
1/8/2016,18.707,0.09,44.720,2170.95,1.56,77.62,96.02,,,,,,,,,,
1/9/2016,19.214,0.24,45.180,2168.27,1.63,110.16,95.46,,,,,,,,,,
1/10/2016,17.796,0.12,49.780,2126.15,1.76,72.05,98.44,,,,,,,,,,
1/11/2016,16.482,-0.16,45.660,2198.81,2.14,86.99,101.5,,,,,,,,,,
1/12/2016,15.989,0.03,51.970,2238.83,2.49,88.75,102.21,,,,,,,,,,
1/1/2017,17.543,0.58,52.500,2278.87,2.43,105.41,99.51,,,,,,,,,,
1/2/2017,18.469,0.31,53.470,2363.64,2.42,129.25,101.12,,,,,,,,,,
1/3/2017,18.256,0.08,49.330,2362.72,2.48,93.51,100.35,,,,,,,,,,
1/4/2017,17.262,0.3,51.060,2384.2,2.30,114.96,99.05,,,,,,,,,,
1/5/2017,17.406,0.09,48.480,2411.8,2.30,92.24,96.92,,,,,,,,,,
1/6/2017,16.627,0.09,45.180,2423.41,2.19,120.52,95.63,,,,,,,,,,
1/7/2017,16.786,-0.07,46.630,2470.3,2.32,125.24,92.86,,,,,,,,,,
1/8/2017,17.575,0.3,48.040,2471.65,2.21,144.28,92.67,,,,,,,,,,
1/9/2017,16.676,0.53,49.820,2519.36,2.20,141.51,93.08,,,,,,,,,,
1/10/2017,16.693,-0.06,51.580,2575.26,2.36,111.74,94.55,,,,,,,,,,
1/11/2017,16.4052,0,56.640,2647.58,2.35,76.00,93.05,,,,,,,,,,
1/12/2017,17.128,-0.06,57.880,2673.61,2.40,89.81,92.12,,,,,,,,,,
1/1/2018,17.241,0.54,63.700,2823.81,2.58,85.86,89.13,,,,,,,,,,
1/2/2018,16.3904,0.45,62.230,2713.83,2.86,77.45,90.61,,,,,,,,,,
1/3/2018,16.268,0.23,62.730,2640.87,2.84,105.13,89.97,,,,,,,,,,
1/4/2018,16.3832,0.4,66.250,2648.05,2.87,99.28,91.84,,,,,,,,,,
1/5/2018,16.458,0.42,69.980,2705.27,2.98,132.52,93.98,,,,,,,,,,
1/6/2018,16.1792,0.16,67.870,2718.37,2.91,113.83,94.64,,,,,,,,,,
1/7/2018,15.559,0.01,70.980,2816.29,2.89,88.44,94.49,,,,,,,,,,
1/8/2018,14.5332,0.06,68.060,2901.52,2.89,98.91,95.14,,,,,,,,,,
1/9/2018,14.712,0.12,70.230,2913.98,3.00,64.29,95.13,,,,,,,,,,
1/10/2018,14.282,0.18,70.750,2711.74,3.15,85.87,97.13,,,,,,,,,,
1/11/2018,14.1268,-0.33,56.960,2760.17,3.12,76.52,97.27,,,,,,,,,,
1/12/2018,15.5186,-0.32,49.520,2506.85,2.83,87.20,96.17,,,,,,,,,,
1/1/2019,16.072,0.19,51.380,2704.1,2.71,96.95,95.58,,,,,,,,,,
1/2/2019,15.6148,0.42,54.950,2784.49,2.68,110.84,96.16,,,,,,,,,,
1/3/2019,15.11,0.56,58.150,2834.4,2.57,79.25,97.28,,,,,,,,,,
1/4/2019,14.9672,0.53,63.860,2945.83,2.53,78.46,97.48,,,,,,,,,,
1/5/2019,14.567,0.21,60.830,2752.06,2.40,113.90,97.75,,,,,,,,,,
1/6/2019,15.3234,0.02,54.660,2941.76,2.07,119.32,96.13,,,,,,,,,,
1/7/2019,16.405,0.17,57.350,2980.38,2.06,118.77,98.52,,,,,,,,,,
1/8/2019,18.3106,-0.01,54.810,2926.46,1.63,127.15,98.92,,,,,,,,,,
1/9/2019,16.998,0.08,56.950,2976.74,1.70,94.96,99.38,,,,,,,,,,
1/10/2019,18.067,0.23,53.960,3037.56,1.71,106.54,97.35,,,,,,,,,,
1/11/2019,17.0042,-0.05,57.030,3140.98,1.81,86.43,98.27,,,,,,,,,,
1/12/2019,17.9024,-0.09,59.880,3230.78,1.86,64.90,96.39,,,,,,,,,,
1/1/2020,18.012,0.39,57.520,3225.52,1.76,163.83,97.39,,,,,,,,,,
1/2/2020,16.443,0.27,50.540,2954.22,1.50,91.85,98.13,,,,,,,,,,
1/3/2020,14.156,-0.22,29.210,2584.59,0.87,111.69,99.05,,,,,,,,,,
1/4/2020,14.958,-0.67,16.550,2912.43,0.66,102.49,99.02,,,,,,,,,,
1/5/2020,18.499,0,28.560,3044.31,0.67,112.69,98.34,,,,,,,,,,
1/6/2020,18.6178,0.55,38.310,3100.29,0.73,101.93,97.39,,,,,,,,,,
1/7/2020,24.216,0.51,40.710,3271.12,0.62,95.26,93.35,,,,,,,,,,
1/8/2020,28.5626,0.32,42.340,3500.31,0.65,89.05,92.14,,,,,,,,,,
1/9/2020,23.494,0.14,39.630,3363,0.68,87.38,93.89,,,,,,,,,,
1/10/2020,23.646,0.04,39.400,3269.96,0.79,81.86,94.04,,,,,,,,,,
1/11/2020,22.5532,-0.06,40.940,3621.63,0.87,69.75,91.87,,,,,,,,,,
1/12/2020,26.396,0.09,47.020,3756.07,0.93,88.96,89.94,,,,,,,,,,
1/1/2021,26.914,0.43,52.000,3714.24,1.08,85.59,90.58,,,,,,,,,,
1/2/2021,26.4324,0.55,59.040,3811.15,1.26,81.29,90.88,,,,,,,,,,
1/3/2021,24.532,0.71,62.330,3972.89,1.61,86.94,93.23,,,,,,,,,,
1/4/2021,25.869,0.82,61.720,4181.17,1.64,86.60,91.28,,,,,,,,,,
1/5/2021,28.014,0.8,65.170,4204.11,1.62,99.70,90.03,,,,,,,,,,
1/6/2021,26.1882,0.93,71.380,4297.5,1.52,83.06,92.44,,,,,,,,,,
1/7/2021,25.547,0.48,72.490,4395.26,1.32,55.36,92.17,,,,,,,,,,
1/8/2021,23.9968,0.21,67.730,4522.68,1.28,79.16,92.63,,,,,,,,,,
1/9/2021,22.047,0.27,71.650,4307.54,1.37,89.31,94.23,,,,,,,,,,
1/10/2021,23.949,0.83,81.480,4605.38,1.58,72.59,94.12,,,,,,,,,,
1/11/2021,22.781,0.49,79.150,4567,1.56,84.68,95.99,,,,,,,,,,
1/12/2021,23.3472,0.31,71.710,4766.18,1.47,116.38,95.97,,,,,,,,,,
1/1/2022,22.393,0.84,83.220,4515.55,1.76,137.36,96.54,,,,,,,,,,
1/2/2022,24.365,0.91,91.640,4373.94,1.93,201.07,96.71,,,,,,,,,,
1/3/2022,25.133,1.34,108.500,4530.41,2.13,264.45,98.31,,,,,,,,,,
1/4/2022,23.076,0.56,101.780,4131.93,2.75,172.53,102.96,,,,,,,,,,
1/5/2022,21.688,1.1,109.550,4132.15,2.90,137.27,101.75,,,,,,,,,,
1/6/2022,20.734,1.37,114.840,3785.38,3.14,151.79,104.69,,,,,,,,,,
1/7/2022,20.3604,-0.01,101.620,4130.29,2.90,131.34,105.9,,,,,,,,,,
1/8/2022,17.9156,-0.04,93.670,3955,2.90,168.91,108.7,,,,,,,,,,
1/9/2022,19.0341,0.22,84.260,3585.62,3.52,179.78,112.12,,,,,,,,,,
1/10/2022,19.1625,0.41,87.550,3871.98,3.98,193.31,111.53,,,,,,,,,,
1/11/2022,22.2355,-0.1,84.370,4080.11,3.89,149.17,105.95,,,,,,,,,,
1/12/2022,23.9641,-0.31,76.440,3839.5,3.62,131.10,103.52,,,,,,,,,,
1/1/2023,23.6774,0.8,78.120,4076.6,3.53,100.74,102.1,,,,,,,,,,
1/2/2023,20.8946,0.56,76.830,3970.15,3.75,143.72,104.87,,,,,,,,,,
1/3/2023,24.0924,0.33,73.280,4109.31,3.66,129.59,102.51,,,,,,,,,,
1/4/2023,25.0503,0.51,79.450,4169.48,3.46,123.82,101.66,,,,,,,,,,
1/5/2023,23.548,0.25,71.580,4179.83,3.57,109.10,104.33,,,,,,,,,,
1/6/2023,22.7603,0.32,70.250,4450.38,3.75,138.61,102.91,,,,,,,,,,
1/7/2023,24.7305,0.19,76.070,4588.96,3.90,129.22,101.86,,,,,,,,,,
1/8/2023,24.4216,0.44,81.390,4507.66,4.17,102.51,103.62,,,,,,,,,,
1/9/2023,22.1847,0.25,89.430,4288.05,4.38,94.77,106.22,,,,,,,,,,
1/10/2023,22.8467,-0.04,85.640,4193.8,4.80,167.76,106.66,,,,,,,,,,
1/11/2023,24.9569,-0.2,77.690,4567.8,4.50,145.27,103.5,,,,,,,,,,
1/12/2023,23.7927,-0.1,71.900,4769.83,4.02,136.25,101.33,,,,,,,,,,
1/1/2024,22.9401,0.54,74.150,4845.65,4.06,127.47,103.27,,,,,,,,,,
1/2/2024,22.6725,0.62,77.250,5096.27,4.21,127.36,104.16,,,,,,,,,,
1/3/2024,24.9661,0.65,81.280,5254.35,4.21,103.33,104.55,,,,,,,,,,
1/4/2024,26.2896,0.39,85.350,5035.69,4.54,120.66,106.22,,,,,,,,,,
1/5/2024,30.4055,0.17,80.020,5277.51,4.48,128.57,104.67,,,,,,,,,,
1/6/2024,29.1402,0.03,79.770,5460.48,4.31,100.23,105.87,,,,,,,,,,
1/7/2024,28.3472,0.12,81.800,5522.3,4.25,79.60,104.1,,,,,,,,,,
1/8/2024,28.8613,0.08,76.680,5648.4,3.87,100.77,101.7,,,,,,,,,,
1/9/2024,31.77,0.16,70.240,5762.48,3.72,102.59,100.78,,,,,,,,,,
1/10/2024,32.6625,0.12,71.990,5705.45,4.10,103.32,103.98,,,,,,,,,,
1/11/2024,30.607,-0.05,69.950,6032.38,4.36,123.34,105.74,,,,,,,,,,
1/12/2024,28.8744,0.04,70.120,5881.63,4.39,113.43,108.49,,,,,,,,,,
,,,,,,,,,,,,,,,,,
,,,,,,,,,,,,,,,,,
,,,,,,,,,,,,,,,,,
,,,,,,,,,,,,,,,,,
,,,,,,,,,,,,,,,,,
,,,,,,,,,,,,,,,,,
,,,,,,,,,,,,,,,,,
,,,,,,,,,,,,,,,,,
,,,,,,,,,,,,,,,,,
,,,,,,,,,,,,,,,,,
,,,,,,,,,,,,,,,,,
,,,,,,,,,,,,,,,,,
,,,,,,,,,,,,,,,,,
,,,,,,,,,,,,,,,,,
,,,,,,,,,,,,,,,,,
,,,,,,,,,,,,,,,,,
,,,,,,,,,,,,,,,,,
,,,,,,,,,,,,,,,,,
,,,,,,,,,,,,,,,,,
,,,,,,,,,,,,,,,,,
,,,,,,,,,,,,,,,,,
,,,,,,,,,,,,,,,,,
,,,,,,,,,,,,,,,,,
,,,,,,,,,,,,,,,,,
,,,,,,,,,,,,,,,,,
,,,,,,,,,,,,,,,,,
,,,,,,,,,,,,,,,,,
,,,,,,,,,,,,,,,,,
,,,,,,,,,,,,,,,,,
,,,,,,,,,,,,,,,,,
,,,,,,,,,,,,,,,,,
,,,,,,,,,,,,,,,,,
,,,,,,,,,,,,,,,,,
,,,,,,,,,,,,,,,,,
RESIDUAL OUTPUT,,,,,,,,,,,,,,,,,
,,,,,,,,,,,,,,,,,
Observation,Predicted Silver Price,Residuals,,,,,,,,,,,,,,,
1,3.740409139,0.409590861,,,,,,,,,,,,,,,
2,4.55245699,-0.13245699,,,,,,,,,,,,,,,
3,3.730128814,0.549871186,,,,,,,,,,,,,,,
4,3.736849309,0.693150691,,,,,,,,,,,,,,,
5,4.145508555,0.384491445,,,,,,,,,,,,,,,
6,4.533329136,0.036670864,,,,,,,,,,,,,,,
7,5.305366147,-0.305366147,,,,,,,,,,,,,,,
8,3.312877895,1.317122105,,,,,,,,,,,,,,,
9,4.09076549,0.34923451,,,,,,,,,,,,,,,
10,4.099584007,0.090415993,,,,,,,,,,,,,,,
11,4.484266082,-0.254266082,,,,,,,,,,,,,,,
12,3.699453308,0.480546692,,,,,,,,,,,,,,,
13,3.336723712,0.673276288,,,,,,,,,,,,,,,
14,3.887004242,0.272995758,,,,,,,,,,,,,,,
15,3.525077969,0.584922031,,,,,,,,,,,,,,,
16,3.917863803,0.512136197,,,,,,,,,,,,,,,
17,4.656069745,-0.036069745,,,,,,,,,,,,,,,
18,4.282133639,0.547866361,,,,,,,,,,,,,,,
19,4.280700843,0.259299157,,,,,,,,,,,,,,,
20,4.279796817,-0.169796817,,,,,,,,,,,,,,,
21,4.243497658,0.146502342,,,,,,,,,,,,,,,
22,4.599273062,-0.329273062,,,,,,,,,,,,,,,
23,3.857212217,0.422787783,,,,,,,,,,,,,,,
24,4.226121582,0.133878418,,,,,,,,,,,,,,,
25,4.597789095,-0.147789095,,,,,,,,,,,,,,,
26,5.673319768,-0.943319768,,,,,,,,,,,,,,,
27,4.930235497,-0.100235497,,,,,,,,,,,,,,,
28,5.268873624,-0.558873624,,,,,,,,,,,,,,,
29,4.545382851,0.014617149,,,,,,,,,,,,,,,
30,4.891423756,-0.381423756,,,,,,,,,,,,,,,
31,4.528876687,-0.008876687,,,,,,,,,,,,,,,
32,4.373790261,0.076209739,,,,,,,,,,,,,,,
33,4.37338089,0.27661911,,,,,,,,,,,,,,,
34,4.366233968,0.483766032,,,,,,,,,,,,,,,
35,4.709085197,0.030914803,,,,,,,,,,,,,,,
36,4.349778975,0.410221025,,,,,,,,,,,,,,,
37,5.017008601,-0.067008601,,,,,,,,,,,,,,,
38,5.013238983,-0.043238983,,,,,,,,,,,,,,,
39,5.334381634,0.015618366,,,,,,,,,,,,,,,
40,5.34737914,-0.34737914,,,,,,,,,,,,,,,
41,5.665519743,-0.195519743,,,,,,,,,,,,,,,
42,5.980044241,-0.700044241,,,,,,,,,,,,,,,
43,5.311620619,0.258379381,,,,,,,,,,,,,,,
44,4.660027246,0.869972754,,,,,,,,,,,,,,,
45,5.293630488,0.376369512,,,,,,,,,,,,,,,
46,5.573892388,0.686107612,,,,,,,,,,,,,,,
47,4.624212452,1.285787548,,,,,,,,,,,,,,,
48,4.626617502,1.393382498,,,,,,,,,,,,,,,
49,5.564294347,1.145705653,,,,,,,,,,,,,,,
50,6.347536543,1.342463457,,,,,,,,,,,,,,,
51,6.017989847,1.432010153,,,,,,,,,,,,,,,
52,6.314558329,1.335441671,,,,,,,,,,,,,,,
53,7.006989816,1.763010184,,,,,,,,,,,,,,,
54,6.892992434,1.647007566,,,,,,,,,,,,,,,
55,7.395179006,1.684820994,,,,,,,,,,,,,,,
56,8.022463514,2.297536486,,,,,,,,,,,,,,,
57,8.670238549,7.579761451,,,,,,,,,,,,,,,
58,8.163344213,8.436655787,,,,,,,,,,,,,,,
59,8.839684778,10.16031522,,,,,,,,,,,,,,,
60,9.39204047,22.80795953,,,,,,,,,,,,,,,
61,10.20683451,25.07316549,,,,,,,,,,,,,,,
62,11.04975571,24.47024429,,,,,,,,,,,,,,,
63,11.45972193,2.030278071,,,,,,,,,,,,,,,
64,10.9157424,2.914257604,,,,,,,,,,,,,,,
65,10.6490699,3.050930103,,,,,,,,,,,,,,,
66,10.88697728,5.863022716,,,,,,,,,,,,,,,
67,8.571748117,7.208251883,,,,,,,,,,,,,,,
68,9.822473459,6.237526541,,,,,,,,,,,,,,,
69,9.666695277,10.83330472,,,,,,,,,,,,,,,
70,9.902914011,8.977085989,,,,,,,,,,,,,,,
71,9.671220509,8.748779491,,,,,,,,,,,,,,,
72,10.0928026,5.407197396,,,,,,,,,,,,,,,
73,10.0040054,3.145994598,,,,,,,,,,,,,,,
74,10.47251974,2.057480261,,,,,,,,,,,,,,,
75,9.739891467,2.590108533,,,,,,,,,,,,,,,
76,9.734450254,1.335549746,,,,,,,,,,,,,,,
77,9.966865256,0.623134744,,,,,,,,,,,,,,,
78,9.78231686,-1.48231686,,,,,,,,,,,,,,,
79,10.22623997,-1.716239971,,,,,,,,,,,,,,,
80,9.492839026,-0.342839026,,,,,,,,,,,,,,,
81,9.947144805,-0.997144805,,,,,,,,,,,,,,,
82,8.130441581,0.989558419,,,,,,,,,,,,,,,
83,8.567750317,-0.297750317,,,,,,,,,,,,,,,
84,8.364357608,-0.214357608,,,,,,,,,,,,,,,
85,8.134242668,0.145757332,,,,,,,,,,,,,,,
86,7.670881827,0.169118173,,,,,,,,,,,,,,,
87,6.152436058,0.907563942,,,,,,,,,,,,,,,
88,8.260351162,-1.200351162,,,,,,,,,,,,,,,
89,9.862538231,-3.502538231,,,,,,,,,,,,,,,
90,10.32420532,-4.594205324,,,,,,,,,,,,,,,
91,8.595837106,-1.955837106,,,,,,,,,,,,,,,
92,7.919625429,-0.189625429,,,,,,,,,,,,,,,
93,8.230825376,-0.040825376,,,,,,,,,,,,,,,
94,8.49614712,1.37385288,,,,,,,,,,,,,,,
95,7.123777442,2.416222558,,,,,,,,,,,,,,,
96,6.20446496,4.66553504,,,,,,,,,,,,,,,
97,7.398978528,6.421021472,,,,,,,,,,,,,,,
98,6.750978109,4.949021891,,,,,,,,,,,,,,,
99,6.522110145,3.977889855,,,,,,,,,,,,,,,
100,8.417863402,3.542136598,,,,,,,,,,,,,,,
101,8.061477778,5.488522222,,,,,,,,,,,,,,,
102,7.61129849,3.98870151,,,,,,,,,,,,,,,
103,7.944222263,4.205777737,,,,,,,,,,,,,,,
104,7.784961014,4.205038986,,,,,,,,,,,,,,,
105,8.053535754,3.186464246,,,,,,,,,,,,,,,
106,7.488144641,1.251855359,,,,,,,,,,,,,,,
107,7.169139128,2.640860872,,,,,,,,,,,,,,,
108,6.836857619,2.073142381,,,,,,,,,,,,,,,
109,7.959849686,0.470150314,,,,,,,,,,,,,,,
110,7.826985434,1.813014566,,,,,,,,,,,,,,,
111,7.338178949,2.311821051,,,,,,,,,,,,,,,
112,7.925224414,1.034775586,,,,,,,,,,,,,,,
113,7.46646788,1.65353212,,,,,,,,,,,,,,,
114,7.362062106,1.027937894,,,,,,,,,,,,,,,
115,7.330144345,-0.220144345,,,,,,,,,,,,,,,
116,7.434368743,0.015631257,,,,,,,,,,,,,,,
117,7.657018511,-0.217018511,,,,,,,,,,,,,,,
118,7.147395776,0.052604224,,,,,,,,,,,,,,,
119,6.398055027,0.651944973,,,,,,,,,,,,,,,
120,5.87874243,0.41125757,,,,,,,,,,,,,,,
121,6.343713569,-0.013713569,,,,,,,,,,,,,,,
122,7.259879392,-1.539879392,,,,,,,,,,,,,,,
123,7.258940615,-0.598940615,,,,,,,,,,,,,,,
124,7.559638178,-1.239638178,,,,,,,,,,,,,,,
125,7.131841348,-1.041841348,,,,,,,,,,,,,,,
126,6.850782436,-0.740782436,,,,,,,,,,,,,,,
127,6.695356817,-0.355356817,,,,,,,,,,,,,,,
128,6.775334834,-0.525334834,,,,,,,,,,,,,,,
129,7.059777676,-1.009777676,,,,,,,,,,,,,,,
130,7.509386479,-1.359386479,,,,,,,,,,,,,,,
131,7.591048774,-1.441048774,,,,,,,,,,,,,,,
132,6.900661805,-1.100661805,,,,,,,,,,,,,,,
133,6.03698204,0.06301796,,,,,,,,,,,,,,,
134,3.442594607,2.227405393,,,,,,,,,,,,,,,
135,2.50486004,3.11513996,,,,,,,,,,,,,,,
136,3.136744387,1.973255613,,,,,,,,,,,,,,,
137,4.641787366,0.568212634,,,,,,,,,,,,,,,
138,4.830235312,0.219764688,,,,,,,,,,,,,,,
139,3.268226518,1.781773482,,,,,,,,,,,,,,,
140,4.370365039,0.799634961,,,,,,,,,,,,,,,
141,4.890814611,0.629185389,,,,,,,,,,,,,,,
142,4.11737554,1.49262446,,,,,,,,,,,,,,,
143,4.196216867,1.183783133,,,,,,,,,,,,,,,
144,4.355307286,0.924692714,,,,,,,,,,,,,,,
145,6.060555428,-0.510555428,,,,,,,,,,,,,,,
146,5.323295694,0.146704306,,,,,,,,,,,,,,,
147,5.640564748,0.669435252,,,,,,,,,,,,,,,
148,5.891888358,2.238111642,,,,,,,,,,,,,,,
149,5.644779329,2.045220671,,,,,,,,,,,,,,,
150,5.790376606,1.349623394,,,,,,,,,,,,,,,
151,5.885036997,2.434963003,,,,,,,,,,,,,,,
152,6.262572066,1.287427934,,,,,,,,,,,,,,,
153,6.080525373,1.559474627,,,,,,,,,,,,,,,
154,5.474231315,1.405768685,,,,,,,,,,,,,,,
155,4.895075437,2.354924563,,,,,,,,,,,,,,,
156,4.402618892,2.297381108,,,,,,,,,,,,,,,
157,4.953940657,1.596059343,,,,,,,,,,,,,,,
158,4.894497183,1.245502817,,,,,,,,,,,,,,,
159,5.131124727,1.618875273,,,,,,,,,,,,,,,
160,5.652229874,0.807770126,,,,,,,,,,,,,,,
161,5.186665986,1.413334014,,,,,,,,,,,,,,,
162,5.217678288,1.432321712,,,,,,,,,,,,,,,
163,4.990778922,1.809221078,,,,,,,,,,,,,,,
164,4.977988659,1.482011341,,,,,,,,,,,,,,,
165,5.316644809,0.853355191,,,,,,,,,,,,,,,
166,4.477420123,1.832579877,,,,,,,,,,,,,,,
167,3.974609336,2.095390664,,,,,,,,,,,,,,,
168,4.622660353,1.427339647,,,,,,,,,,,,,,,
169,5.692815099,0.157184901,,,,,,,,,,,,,,,
170,5.456749155,0.403250845,,,,,,,,,,,,,,,
171,6.145566161,-0.375566161,,,,,,,,,,,,,,,
172,6.63297181,-0.99297181,,,,,,,,,,,,,,,
173,6.283741621,-1.063741621,,,,,,,,,,,,,,,
174,5.575721745,-0.405721745,,,,,,,,,,,,,,,
175,5.552567303,-0.402567303,,,,,,,,,,,,,,,
176,5.171490799,-0.101490799,,,,,,,,,,,,,,,
177,5.717260286,-0.437260286,,,,,,,,,,,,,,,
178,6.138735887,-0.908735887,,,,,,,,,,,,,,,
179,5.587070127,-0.017070127,,,,,,,,,,,,,,,
180,5.680090592,-0.460090592,,,,,,,,,,,,,,,
181,7.785569862,-2.575569862,,,,,,,,,,,,,,,
182,6.500295291,-1.380295291,,,,,,,,,,,,,,,
183,6.350548646,-1.380548646,,,,,,,,,,,,,,,
184,5.148082562,-0.208082562,,,,,,,,,,,,,,,
185,5.280192254,-0.210192254,,,,,,,,,,,,,,,
186,5.661781758,-0.821781758,,,,,,,,,,,,,,,
187,5.667929828,-0.807929828,,,,,,,,,,,,,,,
188,8.434256,-3.604256,,,,,,,,,,,,,,,
189,9.519274159,-4.719274159,,,,,,,,,,,,,,,
190,9.44796755,-5.22796755,,,,,,,,,,,,,,,
191,7.961649355,-3.871649355,,,,,,,,,,,,,,,
192,6.532445156,-2.342445156,,,,,,,,,,,,,,,
193,7.35734109,-3.52734109,,,,,,,,,,,,,,,
194,5.570990166,-1.890990166,,,,,,,,,,,,,,,
195,5.454339696,-1.614339696,,,,,,,,,,,,,,,
196,5.644169686,-1.714169686,,,,,,,,,,,,,,,
197,6.068438569,-1.938438569,,,,,,,,,,,,,,,
198,5.809658216,-1.359658216,,,,,,,,,,,,,,,
199,5.782995757,-1.712995757,,,,,,,,,,,,,,,
200,6.145043925,-2.325043925,,,,,,,,,,,,,,,
201,6.482850928,-2.342850928,,,,,,,,,,,,,,,
202,6.14692536,-2.05692536,,,,,,,,,,,,,,,
203,6.263571395,-2.193571395,,,,,,,,,,,,,,,
204,5.288915263,-1.428915263,,,,,,,,,,,,,,,
205,5.306795849,-1.176795849,,,,,,,,,,,,,,,
206,5.792359423,-1.672359423,,,,,,,,,,,,,,,
207,6.078876274,-1.958876274,,,,,,,,,,,,,,,
208,5.576361696,-1.596361696,,,,,,,,,,,,,,,
209,5.714290956,-1.654290956,,,,,,,,,,,,,,,
210,6.450140612,-2.420140612,,,,,,,,,,,,,,,
211,6.038812916,-2.088812916,,,,,,,,,,,,,,,
212,6.089051446,-2.369051446,,,,,,,,,,,,,,,
213,6.204176849,-2.434176849,,,,,,,,,,,,,,,
214,6.311678172,-2.551678172,,,,,,,,,,,,,,,
215,5.62382952,-1.89382952,,,,,,,,,,,,,,,
216,5.002736849,-1.332736849,,,,,,,,,,,,,,,
217,6.127712965,-2.417712965,,,,,,,,,,,,,,,
218,6.031859688,-2.461859688,,,,,,,,,,,,,,,
219,6.103891856,-2.213891856,,,,,,,,,,,,,,,
220,5.921008909,-1.621008909,,,,,,,,,,,,,,,
221,5.576806857,-0.866806857,,,,,,,,,,,,,,,
222,5.406074217,-0.826074217,,,,,,,,,,,,,,,
223,4.868621144,0.431378856,,,,,,,,,,,,,,,
224,5.515655537,-0.675655537,,,,,,,,,,,,,,,
225,5.262147895,-1.232147895,,,,,,,,,,,,,,,
226,5.824834574,-1.424834574,,,,,,,,,,,,,,,
227,4.810265238,-0.340265238,,,,,,,,,,,,,,,
228,4.23903638,0.88096362,,,,,,,,,,,,,,,
229,4.932775602,0.127224398,,,,,,,,,,,,,,,
230,5.01291282,0.22708718,,,,,,,,,,,,,,,
231,4.95283249,0.78716751,,,,,,,,,,,,,,,
232,4.877031762,0.402968238,,,,,,,,,,,,,,,
233,5.033793941,0.466206059,,,,,,,,,,,,,,,
234,5.818651493,-0.568651493,,,,,,,,,,,,,,,
235,5.808583499,-0.518583499,,,,,,,,,,,,,,,
236,5.863011645,-0.503011645,,,,,,,,,,,,,,,
237,5.384938787,0.235061213,,,,,,,,,,,,,,,
238,5.027354563,0.322645437,,,,,,,,,,,,,,,
239,5.199297826,-0.119297826,,,,,,,,,,,,,,,
240,4.748603571,0.101396429,,,,,,,,,,,,,,,
241,5.777568403,-1.077568403,,,,,,,,,,,,,,,
242,5.912846238,-1.422846238,,,,,,,,,,,,,,,
243,5.791365252,-0.631365252,,,,,,,,,,,,,,,
244,6.07516772,-0.24516772,,,,,,,,,,,,,,,
245,5.806333236,-0.506333236,,,,,,,,,,,,,,,
246,5.565770501,-0.235770501,,,,,,,,,,,,,,,
247,4.951500979,0.148499021,,,,,,,,,,,,,,,
248,5.645170512,-0.325170512,,,,,,,,,,,,,,,
249,5.596005842,-0.066005842,,,,,,,,,,,,,,,
250,5.710598288,-0.350598288,,,,,,,,,,,,,,,
251,5.013104596,0.166895404,,,,,,,,,,,,,,,
252,5.23787345,-0.09787345,,,,,,,,,,,,,,,
253,6.637376942,-1.117376942,,,,,,,,,,,,,,,
254,6.110917941,-0.590917941,,,,,,,,,,,,,,,
255,6.993747123,-1.473747123,,,,,,,,,,,,,,,
256,7.168593202,-1.888593202,,,,,,,,,,,,,,,
257,6.314004991,-0.974004991,,,,,,,,,,,,,,,
258,5.883936041,-0.853936041,,,,,,,,,,,,,,,
259,6.278033219,-1.168033219,,,,,,,,,,,,,,,
260,6.424593009,-1.224593009,,,,,,,,,,,,,,,
261,7.159717894,-2.279717894,,,,,,,,,,,,,,,
262,7.369507342,-2.539507342,,,,,,,,,,,,,,,
263,6.948337936,-2.208337936,,,,,,,,,,,,,,,
264,6.849287225,-2.049287225,,,,,,,,,,,,,,,
265,7.560648147,-2.600648147,,,,,,,,,,,,,,,
266,6.964577403,-1.714577403,,,,,,,,,,,,,,,
267,6.539887057,-1.409887057,,,,,,,,,,,,,,,
268,6.090120779,-1.430120779,,,,,,,,,,,,,,,
269,6.007828487,-1.147828487,,,,,,,,,,,,,,,
270,6.124758167,-1.404758167,,,,,,,,,,,,,,,
271,6.33332115,-1.95332115,,,,,,,,,,,,,,,
272,6.446992607,-1.716992607,,,,,,,,,,,,,,,
273,6.627951535,-1.457951535,,,,,,,,,,,,,,,
274,6.861702256,-2.041702256,,,,,,,,,,,,,,,
275,6.060582806,-0.760582806,,,,,,,,,,,,,,,
276,5.594957739,0.405042261,,,,,,,,,,,,,,,
277,5.95077752,0.09922248,,,,,,,,,,,,,,,
278,5.940581651,0.429418349,,,,,,,,,,,,,,,
279,5.825190425,0.524809575,,,,,,,,,,,,,,,
280,5.903787394,0.316212606,,,,,,,,,,,,,,,
281,5.753878509,-0.793878509,,,,,,,,,,,,,,,
282,5.463988406,-0.103988406,,,,,,,,,,,,,,,
283,5.524226839,0.005773161,,,,,,,,,,,,,,,
284,5.103755056,-0.313755056,,,,,,,,,,,,,,,
285,5.518725587,-0.128725587,,,,,,,,,,,,,,,
286,5.801696656,-0.741696656,,,,,,,,,,,,,,,
287,5.101350558,-0.171350558,,,,,,,,,,,,,,,
288,4.777118298,0.232881702,,,,,,,,,,,,,,,
289,5.732309736,-0.492309736,,,,,,,,,,,,,,,
290,5.317314807,0.262685193,,,,,,,,,,,,,,,
291,6.302000784,-1.272000784,,,,,,,,,,,,,,,
292,7.822976257,-2.382976257,,,,,,,,,,,,,,,
293,6.301960614,-1.361960614,,,,,,,,,,,,,,,
294,6.450411779,-1.230411779,,,,,,,,,,,,,,,
295,7.439526155,-1.989526155,,,,,,,,,,,,,,,
296,7.532699311,-2.452699311,,,,,,,,,,,,,,,
297,8.492206941,-2.912206941,,,,,,,,,,,,,,,
298,7.749986767,-2.459986767,,,,,,,,,,,,,,,
299,7.999150747,-2.819150747,,,,,,,,,,,,,,,
300,8.227782157,-2.897782157,,,,,,,,,,,,,,,
301,8.951696791,-3.691696791,,,,,,,,,,,,,,,
302,9.944885372,-4.844885372,,,,,,,,,,,,,,,
303,10.76338714,-5.823387138,,,,,,,,,,,,,,,
304,8.259118886,-3.319118886,,,,,,,,,,,,,,,
305,8.930412141,-4.030412141,,,,,,,,,,,,,,,
306,10.43549488,-5.415494881,,,,,,,,,,,,,,,
307,9.375593709,-4.425593709,,,,,,,,,,,,,,,
308,9.322512269,-4.412512269,,,,,,,,,,,,,,,
309,10.80830617,-5.918306175,,,,,,,,,,,,,,,
310,9.897953493,-5.157953493,,,,,,,,,,,,,,,
311,9.729867334,-5.099867334,,,,,,,,,,,,,,,
312,8.315354338,-3.735354338,,,,,,,,,,,,,,,
313,10.07412657,-5.284126567,,,,,,,,,,,,,,,
314,9.378251849,-4.948251849,,,,,,,,,,,,,,,
315,8.416014462,-4.086014462,,,,,,,,,,,,,,,
316,8.961285974,-4.591285974,,,,,,,,,,,,,,,
317,9.320148585,-4.890148585,,,,,,,,,,,,,,,
318,8.469176607,-4.129176607,,,,,,,,,,,,,,,
319,7.267975078,-3.047975078,,,,,,,,,,,,,,,
320,7.928933001,-3.728933001,,,,,,,,,,,,,,,
321,8.41015136,-3.82015136,,,,,,,,,,,,,,,
322,6.047766194,-1.767766194,,,,,,,,,,,,,,,
323,6.04327285,-1.90327285,,,,,,,,,,,,,,,
324,5.52546286,-1.00546286,,,,,,,,,,,,,,,
325,6.87400507,-2.59400507,,,,,,,,,,,,,,,
326,7.404433619,-2.964433619,,,,,,,,,,,,,,,
327,8.537024302,-3.857024302,,,,,,,,,,,,,,,
328,8.781108337,-4.181108337,,,,,,,,,,,,,,,
329,7.726995714,-2.676995714,,,,,,,,,,,,,,,
330,7.426720251,-2.556720251,,,,,,,,,,,,,,,
331,7.678761171,-3.018761171,,,,,,,,,,,,,,,
332,8.435483953,-3.865483953,,,,,,,,,,,,,,,
333,8.1789767,-3.6489767,,,,,,,,,,,,,,,
334,8.137728066,-3.657728066,,,,,,,,,,,,,,,
335,7.356154498,-2.926154498,,,,,,,,,,,,,,,
336,7.414488149,-2.744488149,,,,,,,,,,,,,,,
337,9.463214756,-4.593214756,,,,,,,,,,,,,,,
338,10.71371673,-6.113716729,,,,,,,,,,,,,,,
339,9.909107553,-5.449107553,,,,,,,,,,,,,,,
340,7.247384081,-2.637384081,,,,,,,,,,,,,,,
341,7.432305831,-2.872305831,,,,,,,,,,,,,,,
342,8.530339805,-4.020339805,,,,,,,,,,,,,,,
343,8.56518351,-3.48518351,,,,,,,,,,,,,,,
344,9.330204978,-4.220204978,,,,,,,,,,,,,,,
345,8.554048141,-3.434048141,,,,,,,,,,,,,,,
346,8.117956103,-2.977956103,,,,,,,,,,,,,,,
347,7.941780224,-2.591780224,,,,,,,,,,,,,,,
348,8.580740618,-2.610740618,,,,,,,,,,,,,,,
349,10.30072369,-4.07072369,,,,,,,,,,,,,,,
350,10.52264147,-3.942641466,,,,,,,,,,,,,,,
351,11.10008128,-3.270081284,,,,,,,,,,,,,,,
352,10.37683452,-4.426834523,,,,,,,,,,,,,,,
353,11.67796172,-5.507961722,,,,,,,,,,,,,,,
354,10.69593566,-4.785935663,,,,,,,,,,,,,,,
355,10.13914868,-3.719148679,,,,,,,,,,,,,,,
356,11.42473664,-4.684736638,,,,,,,,,,,,,,,
357,11.97985781,-5.309857808,,,,,,,,,,,,,,,
358,14.09753009,-6.937530087,,,,,,,,,,,,,,,
359,12.23654666,-4.476546661,,,,,,,,,,,,,,,
360,10.40254516,-3.582545159,,,,,,,,,,,,,,,
361,12.26886237,-5.548862368,,,,,,,,,,,,,,,
362,13.31248208,-5.962482082,,,,,,,,,,,,,,,
363,14.94490455,-7.754904547,,,,,,,,,,,,,,,
364,14.42154376,-7.441543762,,,,,,,,,,,,,,,
365,12.21903043,-5.089030429,,,,,,,,,,,,,,,
366,13.80231953,-6.702319533,,,,,,,,,,,,,,,
367,15.22354483,-8.073544834,,,,,,,,,,,,,,,
368,16.54036656,-9.800366564,,,,,,,,,,,,,,,
369,18.17553289,-10.64553289,,,,,,,,,,,,,,,
370,15.34963261,-7.579632607,,,,,,,,,,,,,,,
371,12.50437118,-4.294371182,,,,,,,,,,,,,,,
372,13.57136086,-4.741360864,,,,,,,,,,,,,,,
373,17.27768342,-7.367683416,,,,,,,,,,,,,,,
374,15.32954395,-5.629543953,,,,,,,,,,,,,,,
375,16.34455535,-4.584555347,,,,,,,,,,,,,,,
376,18.34331151,-5.783311514,,,,,,,,,,,,,,,
377,17.77963866,-4.649638659,,,,,,,,,,,,,,,
378,17.14888198,-6.448881984,,,,,,,,,,,,,,,
379,18.05087137,-6.610871369,,,,,,,,,,,,,,,
380,17.61777195,-5.01777195,,,,,,,,,,,,,,,
381,14.40453292,-2.854532917,,,,,,,,,,,,,,,
382,13.38792652,-1.307926516,,,,,,,,,,,,,,,
383,14.34846274,-0.668462739,,,,,,,,,,,,,,,
384,15.53726844,-2.637268442,,,,,,,,,,,,,,,
385,14.44092814,-1.080928143,,,,,,,,,,,,,,,
386,15.79759067,-1.487590673,,,,,,,,,,,,,,,
387,16.86054493,-3.510544929,,,,,,,,,,,,,,,
388,17.08669815,-3.586698146,,,,,,,,,,,,,,,
389,16.983923,-3.733923003,,,,,,,,,,,,,,,
390,16.84015505,-4.300155048,,,,,,,,,,,,,,,
391,17.61186781,-4.68186781,,,,,,,,,,,,,,,
392,16.97388671,-5.023886715,,,,,,,,,,,,,,,
393,19.52207552,-5.872075515,,,,,,,,,,,,,,,
394,20.64716851,-6.327168514,,,,,,,,,,,,,,,
395,22.99294617,-8.762946165,,,,,,,,,,,,,,,
396,21.00533282,-6.24533282,,,,,,,,,,,,,,,
397,22.29865129,-5.558651292,,,,,,,,,,,,,,,
398,22.24508236,-2.625082364,,,,,,,,,,,,,,,
399,25.46945708,-7.479457076,,,,,,,,,,,,,,,
400,26.40684382,-9.936843819,,,,,,,,,,,,,,,
401,29.44321371,-12.59321371,,,,,,,,,,,,,,,
402,31.27926723,-13.62926723,,,,,,,,,,,,,,,
403,30.14544275,-12.66544275,,,,,,,,,,,,,,,
404,24.88964779,-11.12964779,,,,,,,,,,,,,,,
405,22.73847636,-9.778476362,,,,,,,,,,,,,,,
406,15.19442671,-5.914426711,,,,,,,,,,,,,,,
407,9.362274844,0.757725156,,,,,,,,,,,,,,,
408,8.024437855,2.765562145,,,,,,,,,,,,,,,
409,11.14516742,1.364832583,,,,,,,,,,,,,,,
410,10.60925215,2.600747846,,,,,,,,,,,,,,,
411,11.9028602,1.207139798,,,,,,,,,,,,,,,
412,12.40825775,0.221742253,,,,,,,,,,,,,,,
413,14.41699046,1.103009544,,,,,,,,,,,,,,,
414,17.69507814,-3.755078135,,,,,,,,,,,,,,,
415,14.55200614,-0.922006143,,,,,,,,,,,,,,,
416,16.78518764,-2.245187642,,,,,,,,,,,,,,,
417,16.19371617,0.256283828,,,,,,,,,,,,,,,
418,17.49508895,-0.925088949,,,,,,,,,,,,,,,
419,17.97800695,0.16199305,,,,,,,,,,,,,,,
420,16.73782471,0.252175287,,,,,,,,,,,,,,,
421,18.53985253,-2.249852528,,,,,,,,,,,,,,,
422,17.5604335,-1.4404335,,,,,,,,,,,,,,,
423,19.44566063,-1.94566063,,,,,,,,,,,,,,,
424,19.60518684,-0.985186837,,,,,,,,,,,,,,,
425,17.15365749,1.376342506,,,,,,,,,,,,,,,
426,16.96993847,1.770061531,,,,,,,,,,,,,,,
427,17.54565845,0.114341551,,,,,,,,,,,,,,,
428,17.79906399,1.070936014,,,,,,,,,,,,,,,
429,17.48912987,4.58087013,,,,,,,,,,,,,,,
430,18.98549209,4.974507914,,,,,,,,,,,,,,,
431,19.25264828,7.877351724,,,,,,,,,,,,,,,
432,20.62412114,10.00587886,,,,,,,,,,,,,,,
433,21.4035712,6.346428802,,,,,,,,,,,,,,,
434,21.52634437,11.96365563,,,,,,,,,,,,,,,
435,25.19167935,12.67832065,,,,,,,,,,,,,,,
436,25.93465572,22.76534428,,,,,,,,,,,,,,,
437,23.82839192,14.82160808,,,,,,,,,,,,,,,
438,21.56662865,13.45337135,,,,,,,,,,,,,,,
439,22.11872966,17.51127034,,,,,,,,,,,,,,,
440,20.25718631,21.09281369,,,,,,,,,,,,,,,
441,19.69109622,10.75890378,,,,,,,,,,,,,,,
442,19.29465786,14.94534214,,,,,,,,,,,,,,,
443,21.68559837,9.664401635,,,,,,,,,,,,,,,
444,21.61177933,6.568220673,,,,,,,,,,,,,,,
445,23.49434045,10.10565955,,,,,,,,,,,,,,,
446,23.98099473,13.24900527,,,,,,,,,,,,,,,
447,25.50701945,6.922980551,,,,,,,,,,,,,,,
448,23.95235512,7.247644876,,,,,,,,,,,,,,,
449,21.21479152,6.885208478,,,,,,,,,,,,,,,
450,18.81967384,8.260326162,,,,,,,,,,,,,,,
451,19.91472985,8.285270149,,,,,,,,,,,,,,,
452,22.71170116,7.808298844,,,,,,,,,,,,,,,
453,22.6473287,12.0026713,,,,,,,,,,,,,,,
454,20.54763242,11.73236758,,,,,,,,,,,,,,,
455,19.07148004,15.20851996,,,,,,,,,,,,,,,
456,19.82489771,10.12510229,,,,,,,,,,,,,,,
457,22.42195605,9.608043949,,,,,,,,,,,,,,,
458,23.67473663,5.275263365,,,,,,,,,,,,,,,
459,22.13561281,6.504387191,,,,,,,,,,,,,,,
460,21.22918902,3.19081098,,,,,,,,,,,,,,,
461,22.41589149,0.154108513,,,,,,,,,,,,,,,
462,22.69805735,-3.838057354,,,,,,,,,,,,,,,
463,24.14510697,-4.205106971,,,,,,,,,,,,,,,
464,24.61036134,-0.970361336,,,,,,,,,,,,,,,
465,24.63808961,-2.958089614,,,,,,,,,,,,,,,
466,22.82957791,-0.629577905,,,,,,,,,,,,,,,
467,21.72522914,-1.795229144,,,,,,,,,,,,,,,
468,22.94225386,-3.442253862,,,,,,,,,,,,,,,
469,23.04155174,-3.731551738,,,,,,,,,,,,,,,
470,24.39350084,-3.12350084,,,,,,,,,,,,,,,
471,24.98294349,-5.012943485,,,,,,,,,,,,,,,
472,24.59677848,-5.316778483,,,,,,,,,,,,,,,
473,24.7283444,-5.728344401,,,,,,,,,,,,,,,
474,25.16312045,-4.293120451,,,,,,,,,,,,,,,
475,24.19275218,-3.502752185,,,,,,,,,,,,,,,
476,22.65341885,-3.183418855,,,,,,,,,,,,,,,
477,22.4737605,-5.363760504,,,,,,,,,,,,,,,
478,20.11865696,-3.918656965,,,,,,,,,,,,,,,
479,17.89398304,-1.923983041,,,,,,,,,,,,,,,
480,14.56669163,1.403308368,,,,,,,,,,,,,,,
481,12.29259133,4.627408672,,,,,,,,,,,,,,,
482,15.04565214,1.484347864,,,,,,,,,,,,,,,
483,14.79949848,1.800501516,,,,,,,,,,,,,,,
484,15.28856307,1.231436933,,,,,,,,,,,,,,,
485,16.93104035,-0.231040345,,,,,,,,,,,,,,,
486,16.62520858,-1.045208579,,,,,,,,,,,,,,,
487,14.21870236,0.531297641,,,,,,,,,,,,,,,
488,12.09549197,2.494508033,,,,,,,,,,,,,,,
489,12.47815147,2.041848534,,,,,,,,,,,,,,,
490,13.1495893,2.420410701,,,,,,,,,,,,,,,
491,12.0472899,2.042710099,,,,,,,,,,,,,,,
492,10.6761841,3.123815898,,,,,,,,,,,,,,,
493,10.49362265,3.74637735,,,,,,,,,,,,,,,
494,10.02169618,4.898303817,,,,,,,,,,,,,,,
495,12.40355409,3.056445914,,,,,,,,,,,,,,,
496,13.12780407,4.692195925,,,,,,,,,,,,,,,
497,14.20725722,1.786742785,,,,,,,,,,,,,,,
498,14.46602638,4.156973616,,,,,,,,,,,,,,,
499,12.74723205,7.59976795,,,,,,,,,,,,,,,
500,13.28556446,5.421435539,,,,,,,,,,,,,,,
501,13.68901349,5.524986512,,,,,,,,,,,,,,,
502,14.26900666,3.526993341,,,,,,,,,,,,,,,
503,12.98911311,3.492886893,,,,,,,,,,,,,,,
504,14.70197635,1.287023648,,,,,,,,,,,,,,,
505,16.03858709,1.504412914,,,,,,,,,,,,,,,
506,15.80278948,2.666210519,,,,,,,,,,,,,,,
507,14.49926537,3.756734634,,,,,,,,,,,,,,,
508,15.34214057,1.919859427,,,,,,,,,,,,,,,
509,14.43676997,2.969230028,,,,,,,,,,,,,,,
510,13.80676691,2.820233085,,,,,,,,,,,,,,,
511,13.83366458,2.952335417,,,,,,,,,,,,,,,
512,14.8966336,2.678366401,,,,,,,,,,,,,,,
513,15.81525786,0.860742136,,,,,,,,,,,,,,,
514,15.0085681,1.684431896,,,,,,,,,,,,,,,
515,16.25527124,0.149928764,,,,,,,,,,,,,,,
516,16.416864,0.711135998,,,,,,,,,,,,,,,
517,19.08884869,-1.847848692,,,,,,,,,,,,,,,
518,18.42133083,-2.03093083,,,,,,,,,,,,,,,
519,17.92975726,-1.661757263,,,,,,,,,,,,,,,
520,18.99489779,-2.611697785,,,,,,,,,,,,,,,
521,19.86930206,-3.411302055,,,,,,,,,,,,,,,
522,18.92593309,-2.74673309,,,,,,,,,,,,,,,
523,19.38790814,-3.82890814,,,,,,,,,,,,,,,
524,19.06411935,-4.530919346,,,,,,,,,,,,,,,
525,19.63964589,-4.927645888,,,,,,,,,,,,,,,
526,19.52405346,-5.242053456,,,,,,,,,,,,,,,
527,15.8119578,-1.685157802,,,,,,,,,,,,,,,
528,13.93601232,1.582587682,,,,,,,,,,,,,,,
529,15.71801827,0.353981734,,,,,,,,,,,,,,,
530,17.04485583,-1.430055827,,,,,,,,,,,,,,,
531,18.05638153,-2.946381534,,,,,,,,,,,,,,,
532,19.30732236,-4.340122361,,,,,,,,,,,,,,,
533,17.70295866,-3.135958662,,,,,,,,,,,,,,,
534,16.40949851,-1.086098514,,,,,,,,,,,,,,,
535,17.3225049,-0.917504897,,,,,,,,,,,,,,,
536,16.34944956,1.961150439,,,,,,,,,,,,,,,
537,17.04706695,-0.049066953,,,,,,,,,,,,,,,
538,16.87948553,1.18751447,,,,,,,,,,,,,,,
539,17.06784978,-0.06364978,,,,,,,,,,,,,,,
540,17.69756787,0.204832134,,,,,,,,,,,,,,,
541,18.23969788,-0.227697882,,,,,,,,,,,,,,,
542,16.14854705,0.29445295,,,,,,,,,,,,,,,
543,10.280979,3.875021,,,,,,,,,,,,,,,
544,7.394961551,7.563038449,,,,,,,,,,,,,,,
545,11.40271607,7.096283929,,,,,,,,,,,,,,,
546,14.58203535,4.035764648,,,,,,,,,,,,,,,
547,15.26135711,8.954642889,,,,,,,,,,,,,,,
548,15.57116133,12.99143867,,,,,,,,,,,,,,,
549,14.42239201,9.071607985,,,,,,,,,,,,,,,
550,14.00677577,9.639224226,,,,,,,,,,,,,,,
551,14.69823804,7.854961959,,,,,,,,,,,,,,,
552,16.44221383,9.953786171,,,,,,,,,,,,,,,
553,18.07101438,8.842985623,,,,,,,,,,,,,,,
554,19.87652121,6.555878787,,,,,,,,,,,,,,,
555,21.13884389,3.393156108,,,,,,,,,,,,,,,
556,21.60678358,4.262216419,,,,,,,,,,,,,,,
557,22.28293005,5.731069953,,,,,,,,,,,,,,,
558,23.9401594,2.248040604,,,,,,,,,,,,,,,
559,23.37315698,2.173843018,,,,,,,,,,,,,,,
560,22.08180778,1.914992223,,,,,,,,,,,,,,,
561,22.61370914,-0.566709139,,,,,,,,,,,,,,,
562,26.24248692,-2.293486919,,,,,,,,,,,,,,,
563,24.99868561,-2.217685607,,,,,,,,,,,,,,,
564,23.49248135,-0.145281349,,,,,,,,,,,,,,,
565,26.45305096,-4.06005096,,,,,,,,,,,,,,,
566,28.01763544,-3.65263544,,,,,,,,,,,,,,,
567,32.51444575,-7.381445748,,,,,,,,,,,,,,,
568,28.86081811,-5.784818109,,,,,,,,,,,,,,,
569,31.53398048,-9.845980478,,,,,,,,,,,,,,,
570,32.55554517,-11.82154517,,,,,,,,,,,,,,,
571,27.62023819,-7.259838188,,,,,,,,,,,,,,,
572,25.69231359,-7.776713587,,,,,,,,,,,,,,,
573,23.75955755,-4.725457549,,,,,,,,,,,,,,,
574,25.29793398,-6.135433982,,,,,,,,,,,,,,,
575,23.94746596,-1.711965962,,,,,,,,,,,,,,,
576,21.53113313,2.432966869,,,,,,,,,,,,,,,
577,24.61543266,-0.938032662,,,,,,,,,,,,,,,
578,23.67193867,-2.777338674,,,,,,,,,,,,,,,
579,22.72352783,1.368872174,,,,,,,,,,,,,,,
580,24.42203082,0.628269177,,,,,,,,,,,,,,,
581,22.33976372,1.208236277,,,,,,,,,,,,,,,
582,22.687491,0.072808999,,,,,,,,,,,,,,,
583,23.79477454,0.935725459,,,,,,,,,,,,,,,
584,25.23273573,-0.811135728,,,,,,,,,,,,,,,
585,26.03921717,-3.854517172,,,,,,,,,,,,,,,
586,24.51844155,-1.671741551,,,,,,,,,,,,,,,
587,23.25233029,1.704569709,,,,,,,,,,,,,,,
588,22.6684475,1.124252502,,,,,,,,,,,,,,,
589,24.59524021,-1.655140212,,,,,,,,,,,,,,,
590,25.80245124,-3.129951241,,,,,,,,,,,,,,,
591,26.92912941,-1.963029413,,,,,,,,,,,,,,,
592,26.8073553,-0.517755304,,,,,,,,,,,,,,,
593,25.70471373,4.700786272,,,,,,,,,,,,,,,
594,25.67130111,3.468898893,,,,,,,,,,,,,,,
595,26.36694217,1.980257826,,,,,,,,,,,,,,,
596,25.48919674,3.372103264,,,,,,,,,,,,,,,
597,24.58497914,7.185020856,,,,,,,,,,,,,,,
598,24.74764581,7.914854192,,,,,,,,,,,,,,,
599,24.54382814,6.063171857,,,,,,,,,,,,,,,
600,24.51063208,4.363767916,,,,,,,,,,,,,,,
